-- phpMyAdmin SQL Dump
-- version 4.0.10deb1
-- http://www.phpmyadmin.net
--
-- Host: localhost
-- Generation Time: Oct 12, 2017 at 01:02 PM
-- Server version: 5.5.57-0ubuntu0.14.04.1
-- PHP Version: 5.5.9-1ubuntu4.22

SET SQL_MODE = "NO_AUTO_VALUE_ON_ZERO";
SET time_zone = "+00:00";


/*!40101 SET @OLD_CHARACTER_SET_CLIENT=@@CHARACTER_SET_CLIENT */;
/*!40101 SET @OLD_CHARACTER_SET_RESULTS=@@CHARACTER_SET_RESULTS */;
/*!40101 SET @OLD_COLLATION_CONNECTION=@@COLLATION_CONNECTION */;
/*!40101 SET NAMES utf8 */;

--
-- Database: `costwork`
--

-- --------------------------------------------------------

--
-- Table structure for table `costwork`
--

CREATE TABLE IF NOT EXISTS `costwork` (
  `id` int(10) NOT NULL AUTO_INCREMENT,
  `work` varchar(255) DEFAULT NULL,
  `cast_1` decimal(7,2) DEFAULT NULL,
  `cast_2` decimal(7,2) DEFAULT NULL,
  `cast_3` decimal(7,2) DEFAULT NULL,
  `cast_4` decimal(7,2) DEFAULT NULL,
  `cast_5` decimal(7,2) DEFAULT NULL,
  `cast_6` decimal(7,2) DEFAULT NULL,
  `usluga` varchar(255) DEFAULT NULL,
  `kod_uslug` varchar(2) NOT NULL COMMENT 'Код услуги',
  `exec` varchar(255) DEFAULT NULL,
  `brig` varchar(255) DEFAULT NULL,
  `stavka_grn` decimal(7,2) DEFAULT NULL,
  `time_transp` decimal(5,2) DEFAULT NULL,
  `type_transp` varchar(1) DEFAULT NULL,
  `T_Ap` varchar(15) DEFAULT NULL,
  `T_Vg` varchar(15) DEFAULT NULL,
  `T_Gv` varchar(15) DEFAULT NULL,
  `T_Dn` varchar(15) DEFAULT NULL,
  `T_Yv` varchar(15) DEFAULT NULL,
  `T_Ing` varchar(15) DEFAULT NULL,
  `T_Krr` varchar(15) DEFAULT NULL,
  `T_Pvg` varchar(15) DEFAULT NULL,
  `T_Zp` varchar(15) DEFAULT NULL,
  `Szoe` varchar(15) DEFAULT NULL,
  `Sdizp` varchar(15) DEFAULT NULL,
  `hide` int(11) NOT NULL,
  PRIMARY KEY (`id`)
) ENGINE=InnoDB  DEFAULT CHARSET=utf8 AUTO_INCREMENT=193 ;

--
-- Dumping data for table `costwork`
--

INSERT INTO `costwork` (`id`, `work`, `cast_1`, `cast_2`, `cast_3`, `cast_4`, `cast_5`, `cast_6`, `usluga`, `kod_uslug`, `exec`, `brig`, `stavka_grn`, `time_transp`, `type_transp`, `T_Ap`, `T_Vg`, `T_Gv`, `T_Dn`, `T_Yv`, `T_Ing`, `T_Krr`, `T_Pvg`, `T_Zp`, `Szoe`, `Sdizp`, `hide`) VALUES
(2, 'Оформлення дозволу на виконання робіт в охоронній зоні електричних мереж (КЛ 0,4-10 кВ)  (1 дозвіл)', 0.00, 0.00, 95.70, 104.31, 107.18, 109.10, 'Оформлення дозволу на виконання робіт в охоронній зоні електричних мереж', '01', 'РЕМ', 'Технік-електрик', 24.97, 0.67, 'А', 'АЕ 24-86ВА', 'АЕ 31-66АМ', 'АЕ 07-42ВА', 'АЕ 30-74НЕ', 'АЕ 70-39СІ', 'АЕ 42-75ЕХ', 'АЕ 07-45ВА', '041-34АЕ', '864-37АВ', NULL, NULL, 0),
(3, 'Оформлення дозволу на виконання робіт в охоронній зоні електричних мереж (КЛ 0,4-10 кВ) (1 дозвіл)', 0.00, 0.00, 95.70, 104.31, 107.18, 109.10, 'Оформлення дозволу на виконання робіт в охоронній зоні електричних мереж', '01', 'РЕМ', 'Електромонтер 4 р.', 26.27, 0.67, 'А', 'АЕ 24-86ВА', 'АЕ 31-66АМ', 'АЕ 07-42ВА', 'АЕ 30-74НЕ', 'АЕ 70-39СІ', 'АЕ 42-75ЕХ', 'АЕ 07-45ВА', '042-34АЕ', '864-37АВ', NULL, NULL, 0),
(4, 'Оформлення дозволу на виконання робіт в охоронній зоні електричних мереж (КЛ 0,4-10 кВ) (1 дозвіл)', 0.00, 0.00, 95.70, 104.31, 107.18, 109.10, 'Оформлення дозволу на виконання робіт в охоронній зоні електричних мереж', '01', 'РЕМ', 'Електромонтер 4 р.', 26.27, 0.67, 'А', 'АЕ 24-86ВА', 'АЕ 31-66АМ', 'АЕ 07-42ВА', 'АЕ 30-74НЕ', 'АЕ 70-39СІ', 'АЕ 42-75ЕХ', 'АЕ 07-45ВА', '043-34АЕ', '864-37АВ', NULL, NULL, 0),
(5, 'Первинне або повторне підключення електроустановки споживача до електричної мережі при однофазному вводі (підключення відгалужень від опори 0,4 кВ до ізоляторів та однофазних вводів в будівлю) із застосуванням автовишки (1 ввід)', 0.00, 0.00, 185.92, 197.51, 201.37, 203.95, 'Підключення та/або відключення електроустановок', '02', 'РЕМ', 'Електромонтер 4 р.', 26.27, 0.20, 'В', 'АЕ 78-08АК', 'АЕ 53-80НМ', 'АЕ 78-57СН', 'АЕ 93-22ЕТ', 'АЕ 36-35ВВ', 'АЕ 30-68НЕ', 'АЕ 78-56СН', 'АЕ 36-34ВВ', '864-37АВ', NULL, NULL, 0),
(6, 'Первинне або повторне підключення електроустановки споживача до електричної мережі при однофазному вводі (підключення відгалужень від опори 0,4 кВ до ізоляторів та однофазних вводів в будівлю) із застосуванням автовишки (1 ввід)', 0.00, 0.00, 185.92, 197.51, 201.37, 203.95, 'Підключення та/або відключення електроустановок', '02', 'РЕМ', 'Електромонтер 3 р.', 23.38, 0.20, 'В', 'АЕ 78-08АК', 'АЕ 53-80НМ', 'АЕ 78-57СН', 'АЕ 93-22ЕТ', 'АЕ 36-35ВВ', 'АЕ 30-68НЕ', 'АЕ 78-56СН', 'АЕ 36-34ВВ', '864-37АВ', NULL, NULL, 0),
(7, 'Первинне або повторне підключення електроустановки споживача до електричної мережі при однофазному вводі (підключення відгалужень від опори 0,4 кВ до ізоляторів та однофазних вводів в будівлю) із застосуванням лазів (1 ввід)', 0.00, 0.00, 140.61, 153.26, 157.48, 160.30, 'Підключення та/або відключення електроустановок', '02', 'РЕМ', 'Електромонтер 4 р.', 26.27, 0.68, 'А', 'АЕ 24-86ВА', 'АЕ 31-66АМ', 'АЕ 07-42ВА', 'АЕ 30-74НЕ', 'АЕ 70-39СІ', 'АЕ 42-75ЕХ', 'АЕ 07-45ВА', '041-34АЕ', '864-37АВ', NULL, NULL, 0),
(8, 'Первинне або повторне підключення електроустановки споживача до електричної мережі при однофазному вводі (підключення відгалужень від опори 0,4 кВ до ізоляторів та однофазних вводів в будівлю) із застосуванням лазів (1 ввід)', 0.00, 0.00, 140.61, 153.26, 157.48, 160.30, 'Підключення та/або відключення електроустановок', '02', 'РЕМ', 'Електромонтер 3 р.', 23.38, NULL, 'А', 'АЕ 24-86ВА', 'АЕ 31-66АМ', 'АЕ 07-42ВА', 'АЕ 30-74НЕ', 'АЕ 70-39СІ', 'АЕ 42-75ЕХ', 'АЕ 07-45ВА', '042-34АЕ', '864-37АВ', NULL, NULL, 0),
(9, 'Первиннqе або повторне підключення електроустановки споживача до електричної мережі при трифазному вводі із застосуванням автовишки (1 ввід)', 0.00, 0.00, 215.97, 229.00, 233.34, 236.24, 'Підключення та/або відключення електроустановок', '02', 'РЕМ', 'Електромонтер 4 р.', 26.27, 0.22, 'В', 'АЕ 78-08АК', 'АЕ 53-80НМ', 'АЕ 78-57СН', 'АЕ 93-22ЕТ', 'АЕ 36-35ВВ', 'АЕ 30-68НЕ', 'АЕ 78-56СН', 'АЕ 36-34ВВ', '864-37АВ', NULL, NULL, 0),
(10, 'Первинне або повторне підключення електроустановки споживача до електричної мережі при трифазному вводі із застосуванням автовишки (1 ввід)', 0.00, 0.00, 215.97, 229.00, 233.34, 236.24, 'Підключення та/або відключення електроустановок', '02', 'РЕМ', 'Електромонтер 3 р.', 23.38, 0.22, 'В', 'АЕ 78-08АК', 'АЕ 53-80НМ', 'АЕ 78-57СН', 'АЕ 93-22ЕТ', 'АЕ 36-35ВВ', 'АЕ 30-68НЕ', 'АЕ 78-56СН', 'АЕ 36-34ВВ', '864-37АВ', NULL, NULL, 0),
(11, 'Первинне або повторне підключення електроустановки споживача до електричної мережі при трифазному вводі із застосуванням лазів (1 ввід)', 0.00, 0.00, 164.29, 179.08, 184.00, 187.29, 'Підключення та/або відключення електроустановок', '02', 'РЕМ', 'Електромонтер 4 р.', 26.27, 0.85, 'А', 'АЕ 24-86ВА', 'АЕ 31-66АМ', 'АЕ 07-42ВА', 'АЕ 30-74НЕ', 'АЕ 70-39СІ', 'АЕ 42-75ЕХ', 'АЕ 07-45ВА', '041-34АЕ', '864-37АВ', NULL, NULL, 0),
(12, 'Первинне або повторне підключення електроустановки споживача до електричної мережі при трифазному вводі із застосуванням лазів (1 ввід)', 0.00, 0.00, 164.29, 179.08, 184.00, 187.29, 'Підключення та/або відключення електроустановок', '02', 'РЕМ', 'Електромонтер 3 р.', 23.38, NULL, NULL, 'АЕ 24-86ВА', 'АЕ 31-66АМ', 'АЕ 07-42ВА', 'АЕ 30-74НЕ', 'АЕ 70-39СІ', 'АЕ 42-75ЕХ', 'АЕ 07-45ВА', '042-34АЕ', '864-37АВ', NULL, NULL, 0),
(13, 'Відключення електроустановки споживача від електричної мережі при однофазному вводі (відключення відгалужень від опори 0,4 кВ до ізоляторів та однофазних вводів в будівлю) із застосуванням автовишки (1 ввід)', 0.00, 0.00, 185.92, 197.51, 201.37, 203.95, 'Підключення та/або відключення електроустановок', '02', 'РЕМ', 'Електромонтер 4 р.', 26.27, 0.20, 'В', 'АЕ 78-08АК', 'АЕ 53-80НМ', 'АЕ 78-57СН', 'АЕ 93-22ЕТ', 'АЕ 36-35ВВ', 'АЕ 30-68НЕ', 'АЕ 78-56СН', 'АЕ 36-34ВВ', '864-37АВ', NULL, NULL, 0),
(14, 'Відключення електроустановки споживача від електричної мережі при однофазному вводі (відключення відгалужень від опори 0,4 кВ до ізоляторів та однофазних вводів в будівлю) із застосуванням автовишки (1 ввід)', 0.00, 0.00, 185.92, 197.51, 201.37, 203.95, 'Підключення та/або відключення електроустановок', '02', 'РЕМ', 'Електромонтер 3 р.', 23.38, NULL, NULL, 'АЕ 78-08АК', 'АЕ 53-80НМ', 'АЕ 78-57СН', 'АЕ 93-22ЕТ', 'АЕ 36-35ВВ', 'АЕ 30-68НЕ', 'АЕ 78-56СН', 'АЕ 36-34ВВ', '864-37АВ', NULL, NULL, 0),
(15, 'Відключення електроустановки споживача від електричної мережі при однофазному вводі (відключення відгалужень від опори 0,4 кВ до ізоляторів та однофазних вводів в будівлю) із застосуванням лазів (1 ввід)', 0.00, 0.00, 140.61, 153.26, 157.48, 160.30, 'Підключення та/або відключення електроустановок', '02', 'РЕМ', 'Електромонтер 4 р.', 26.27, 0.68, 'А', 'АЕ 24-86ВА', 'АЕ 31-66АМ', 'АЕ 07-42ВА', 'АЕ 30-74НЕ', 'АЕ 70-39СІ', 'АЕ 42-75ЕХ', 'АЕ 07-45ВА', '041-34АЕ', '864-37АВ', NULL, NULL, 0),
(16, 'Відключення електроустановки споживача від електричної мережі при однофазному вводі (відключення відгалужень від опори 0,4 кВ до ізоляторів та однофазних вводів в будівлю) із застосуванням лазів (1 ввід)', 0.00, 0.00, 140.61, 153.26, 157.48, 160.30, 'Підключення та/або відключення електроустановок', '02', 'РЕМ', 'Електромонтер 3 р.', 23.38, NULL, NULL, 'АЕ 24-86ВА', 'АЕ 31-66АМ', 'АЕ 07-42ВА', 'АЕ 30-74НЕ', 'АЕ 70-39СІ', 'АЕ 42-75ЕХ', 'АЕ 07-45ВА', '042-34АЕ', '864-37АВ', NULL, NULL, 0),
(17, 'Відключення електроустановки споживача від електричної мережі при трифазному вводі із застосуванням автовишки (1 ввід)', 0.00, 0.00, 215.97, 229.00, 233.34, 236.24, 'Підключення та/або відключення електроустановок', '02', 'РЕМ', 'Електромонтер 4 р.', 26.27, 0.22, 'В', 'АЕ 78-08АК', 'АЕ 53-80НМ', 'АЕ 78-57СН', 'АЕ 93-22ЕТ', 'АЕ 36-35ВВ', 'АЕ 30-68НЕ', 'АЕ 78-56СН', 'АЕ 36-34ВВ', '864-37АВ', NULL, NULL, 0),
(18, 'Відключення електроустановки споживача від електричної мережі при трифазному вводі із застосуванням автовишки (1 ввід)', 0.00, 0.00, 215.97, 229.00, 233.34, 236.24, 'Підключення та/або відключення електроустановок', '02', 'РЕМ', 'Електромонтер 3 р.', 23.38, NULL, NULL, 'АЕ 78-08АК', 'АЕ 53-80НМ', 'АЕ 78-57СН', 'АЕ 93-22ЕТ', 'АЕ 36-35ВВ', 'АЕ 30-68НЕ', 'АЕ 78-56СН', 'АЕ 36-34ВВ', '864-37АВ', NULL, NULL, 0),
(19, 'Відключення електроустановки споживача від електричної мережі при трифазному вводі із застосуванням лазів (1 ввід)', 0.00, 0.00, 164.29, 179.08, 184.00, 187.29, 'Підключення та/або відключення електроустановок', '02', 'РЕМ', 'Електромонтер 4 р.', 26.27, 0.85, 'А', 'АЕ 24-86ВА', 'АЕ 31-66АМ', 'АЕ 07-42ВА', 'АЕ 30-74НЕ', 'АЕ 70-39СІ', 'АЕ 42-75ЕХ', 'АЕ 07-45ВА', '041-34АЕ', '864-37АВ', NULL, NULL, 0),
(20, 'Відключення електроустановки споживача від електричної мережі при трифазному вводі із застосуванням лазів (1 ввід)', 0.00, 0.00, 164.29, 179.08, 184.00, 187.29, 'Підключення та/або відключення електроустановок', '02', 'РЕМ', 'Електромонтер 3 р.', 23.38, NULL, NULL, 'АЕ 24-86ВА', 'АЕ 31-66АМ', 'АЕ 07-42ВА', 'АЕ 30-74НЕ', 'АЕ 70-39СІ', 'АЕ 42-75ЕХ', 'АЕ 07-45ВА', '042-34АЕ', '864-37АВ', NULL, NULL, 0),
(21, 'Підключення споживача (електроустановки) до електромережі ПЛ напругою 0,4 кВ (рубильником, автоматом) (1 споживач (електроустановка))', 0.00, 0.00, 394.68, 430.20, 442.04, 449.94, 'Підключення та/або відключення електроустановок', '02', 'РЕМ', 'Електромонтер 4 р.', 26.27, 2.50, 'А', 'АЕ 24-86ВА', 'АЕ 31-66АМ', 'АЕ 07-42ВА', 'АЕ 30-74НЕ', 'АЕ 70-39СІ', 'АЕ 42-75ЕХ', 'АЕ 07-45ВА', '041-34АЕ', '864-37АВ', NULL, NULL, 0),
(22, 'Підключення споживача (електроустановки) до електромережі ПЛ напругою 0,4 кВ (рубильником, автоматом) (1 споживач (електроустановка))', 0.00, 0.00, 394.68, 430.20, 442.04, 449.94, 'Підключення та/або відключення електроустановок', '02', 'РЕМ', 'Електромонтер 3 р.', 23.38, NULL, NULL, 'АЕ 24-86ВА', 'АЕ 31-66АМ', 'АЕ 07-42ВА', 'АЕ 30-74НЕ', 'АЕ 70-39СІ', 'АЕ 42-75ЕХ', 'АЕ 07-45ВА', '042-34АЕ', '864-37АВ', NULL, NULL, 0),
(23, 'Підключення однофазного електролічильника за нарядом (одно-, двоквартирні будинки, промисловість, комун.споживачі в центрі міста, при обслуговуванні яких не обов''язкове застосування автотранспорта) (1 лічильник)', 0.00, 0.00, 78.76, 85.85, 88.21, 89.79, 'Підключення та/або відключення електроустановок', '02', 'РЕМ', 'Електромонтер 3 р.', 23.38, 0.49, 'А', 'АЕ 24-86ВА', 'АЕ 31-66АМ', 'АЕ 07-42ВА', 'АЕ 30-74НЕ', 'АЕ 70-39СІ', 'АЕ 42-75ЕХ', 'АЕ 07-45ВА', '041-34АЕ', '864-37АВ', NULL, NULL, 0),
(24, 'Відключення однофазного електролічильника за нарядом (одно-, двоквартирні будинки, промисловість, комун.споживачі в центрі міста, при обслуговуванні яких не обов''язкове застосування автотранспорта) (1 лічильник)', 0.00, 0.00, 78.76, 85.85, 88.21, 89.79, 'Підключення та/або відключення електроустановок', '02', 'РЕМ', 'Електромонтер 3 р.', 23.38, 0.49, 'А', 'АЕ 24-86ВА', 'АЕ 31-66АМ', 'АЕ 07-42ВА', 'АЕ 30-74НЕ', 'АЕ 70-39СІ', 'АЕ 42-75ЕХ', 'АЕ 07-45ВА', '041-34АЕ', '864-37АВ', NULL, NULL, 0),
(25, 'Підключення до електричної мережі електроустановок із сезонним характером робіт, які понад місяць були знеструмлені, в т.ч. первинне підключення юридичних споживачів (підключення відгалуженням) (1 установка)', 0.00, 0.00, 419.35, 457.09, 469.67, 478.06, 'Підключення та/або відключення електроустановок', '02', 'РЕМ', 'Електромонтер 4 р.', 26.27, 1.59, 'А', 'АЕ 24-86ВА', 'АЕ 31-66АМ', 'АЕ 07-42ВА', 'АЕ 30-74НЕ', 'АЕ 70-39СІ', 'АЕ 42-75ЕХ', 'АЕ 07-45ВА', '041-34АЕ', '864-37АВ', NULL, NULL, 0),
(26, 'Підключення до електричної мережі електроустановок із сезонним характером робіт, які понад місяць були знеструмлені, в т.ч. первинне підключення юридичних споживачів (підключення відгалуженням) (1 установка)', 0.00, 0.00, 419.35, 457.09, 469.67, 478.06, 'Підключення та/або відключення електроустановок', '02', 'РЕМ', 'Електромонтер 3 р.', 23.38, 2.59, 'А', 'АЕ 24-86ВА', 'АЕ 31-66АМ', 'АЕ 07-42ВА', 'АЕ 30-74НЕ', 'АЕ 70-39СІ', 'АЕ 42-75ЕХ', 'АЕ 07-45ВА', '042-34АЕ', '864-37АВ', NULL, NULL, 0),
(27, 'Підключення до електричної мережі електроустановок із сезонним характером робіт, які понад місяць були знеструмлені, в т.ч. первинне підключення юридичних споживачів (підключення відгалуженням) (1 установка)', 0.00, 0.00, 419.35, 457.09, 469.67, 478.06, 'Підключення та/або відключення електроустановок', '02', 'РЕМ', 'Інспектор', 33.78, 3.59, 'А', 'АЕ 24-86ВА', 'АЕ 31-66АМ', 'АЕ 07-42ВА', 'АЕ 30-74НЕ', 'АЕ 70-39СІ', 'АЕ 42-75ЕХ', 'АЕ 07-45ВА', '043-34АЕ', '864-37АВ', NULL, NULL, 0),
(28, 'Демонтаж однофазного вводу від опори 0,4 кВ із застосуванням автовишки  (1 ввід)', 0.00, 0.00, 190.28, 202.70, 206.84, 209.60, 'Підключення та/або відключення електроустановок', '02', 'РЕМ', 'Електромонтер 5 р.', 30.16, 0.72, 'В', 'АЕ 78-08АК', 'АЕ 53-80НМ', 'АЕ 78-57СН', 'АЕ 93-22ЕТ', 'АЕ 36-35ВВ', 'АЕ 30-68НЕ', 'АЕ 78-56СН', 'АЕ 36-34ВВ', '864-37АВ', NULL, NULL, 0),
(29, 'Демонтажа трифазного вводу від опори 0,4 кВ із застосуванням автовишки  (1 ввід)', 0.00, 0.00, 195.60, 208.32, 212.56, 215.39, 'Підключення та/або відключення електроустановок', '02', 'РЕМ', 'Електромонтер 5 р.', 30.16, 0.75, 'В', 'АЕ 78-08АК', 'АЕ 53-80НМ', 'АЕ 78-57СН', 'АЕ 93-22ЕТ', 'АЕ 36-35ВВ', 'АЕ 30-68НЕ', 'АЕ 78-56СН', 'АЕ 36-34ВВ', '864-37АВ', NULL, NULL, 0),
(30, 'Монтаж однофазного відгалуження двожильним СІП  (1 відгалуження)', 0.00, 0.00, 248.51, 270.88, 278.33, 283.30, 'Підключення та/або відключення електроустановок', '02', 'РЕМ', 'Електромонтер 4 р.', 26.27, 1.45, 'А', 'АЕ 24-86ВА', 'АЕ 31-66АМ', 'АЕ 07-42ВА', 'АЕ 30-74НЕ', 'АЕ 70-39СІ', 'АЕ 42-75ЕХ', 'АЕ 07-45ВА', '041-34АЕ', '864-37АВ', NULL, NULL, 0),
(31, 'Монтаж однофазного відгалуження двожильним СІП  (1 відгалуження)', 0.00, 0.00, 248.51, 270.88, 278.33, 283.30, 'Підключення та/або відключення електроустановок', '02', 'РЕМ', 'Електромонтер 3 р.', 23.38, 2.45, 'А', 'АЕ 24-86ВА', 'АЕ 31-66АМ', 'АЕ 07-42ВА', 'АЕ 30-74НЕ', 'АЕ 70-39СІ', 'АЕ 42-75ЕХ', 'АЕ 07-45ВА', '042-34АЕ', '864-37АВ', NULL, NULL, 0),
(32, 'Монтаж трифазного відгалуження з чотирма утримними ізольованими жилами або чотирижильним СІП з ізольованою утримною (нульовою) жилою (1 відгалуження)', 0.00, 0.00, 286.78, 312.59, 321.19, 326.93, 'Підключення та/або відключення електроустановок', '02', 'РЕМ', 'Електромонтер 4 р.', 26.27, 1.73, 'А', 'АЕ 24-86ВА', 'АЕ 31-66АМ', 'АЕ 07-42ВА', 'АЕ 30-74НЕ', 'АЕ 70-39СІ', 'АЕ 42-75ЕХ', 'АЕ 07-45ВА', '041-34АЕ', '864-37АВ', NULL, NULL, 0),
(33, 'Монтаж трифазного відгалуження з чотирма утримними ізольованими жилами або чотирижильним СІП з ізольованою утримною (нульовою) жилою (1 відгалуження)', 0.00, 0.00, 286.78, 312.59, 321.19, 326.93, 'Підключення та/або відключення електроустановок', '02', 'РЕМ', 'Електромонтер 3 р.', 23.38, 2.73, 'А', 'АЕ 24-86ВА', 'АЕ 31-66АМ', 'АЕ 07-42ВА', 'АЕ 30-74НЕ', 'АЕ 70-39СІ', 'АЕ 42-75ЕХ', 'АЕ 07-45ВА', '042-34АЕ', '864-37АВ', NULL, NULL, 0),
(34, 'Підключення відгалужень від опори 0,4 кВ до ящика зовнішнього обліку електроенергії з установкою однофазного електролічильника  (1 ввід)', 0.00, 0.00, 329.02, 348.09, 354.44, 358.68, 'Підключення та/або відключення електроустановок', '02', 'РЕМ', 'Електромонтер 4 р.', 26.27, 0.00, 'В', 'АЕ 78-08АК', 'АЕ 53-80НМ', 'АЕ 78-57СН', 'АЕ 93-22ЕТ', 'АЕ 36-35ВВ', 'АЕ 30-68НЕ', 'АЕ 78-56СН', 'АЕ 36-34ВВ', '864-37АВ', NULL, NULL, 0),
(35, 'Підключення відгалужень від опори 0,4 кВ до ящика зовнішнього обліку електроенергії з установкою однофазного електролічильника  (1 ввід)', 0.00, 0.00, 329.02, 348.09, 354.44, 358.68, 'Підключення та/або відключення електроустановок', '02', 'РЕМ', 'Електромонтер 3 р.', 23.38, 1.00, 'В', 'АЕ 78-08АК', 'АЕ 53-80НМ', 'АЕ 78-57СН', 'АЕ 93-22ЕТ', 'АЕ 36-35ВВ', 'АЕ 30-68НЕ', 'АЕ 78-56СН', 'АЕ 36-34ВВ', '864-37АВ', NULL, NULL, 0),
(36, 'Підключення відгалужень від опори 0,4 кВ до ящика зовнішнього обліку електроенергії з установкою однофазного електролічильника  (1 ввід)', 0.00, 0.00, 329.02, 348.09, 354.44, 358.68, 'Підключення та/або відключення електроустановок', '02', 'РЕМ', 'Електромонтер 3 р.', 23.38, 2.00, 'В', 'АЕ 78-08АК', 'АЕ 53-80НМ', 'АЕ 78-57СН', 'АЕ 93-22ЕТ', 'АЕ 36-35ВВ', 'АЕ 30-68НЕ', 'АЕ 78-56СН', 'АЕ 36-34ВВ', '864-37АВ', NULL, NULL, 0),
(37, 'Позачергова технічна перевірка правильності роботи однофазних та трифазних приладів обліку електричної енергії (1 приєднання)', 0.00, 0.00, 438.98, 476.09, 488.47, 496.71, 'Позачергова технічна перевірка правильності роботи засобів обліку', '03', 'СЗОЕ, групи з обслуговування приладів обліку РЕМ', 'Провідний інженер', 45.95, 1.59, 'А', 'АЕ 07-45ВА', '484-68АЕ', 'АЕ 59-97АО', 'АЕ 59-97АО', '484-68АЕ', 'АЕ 07-45ВА', 'АЕ 07-45ВА', 'АЕ 59-97АО', 'АЕ 59-97АО', 'АЕ 59-97АО', NULL, 0),
(38, 'Позачергова технічна перевірка правильності роботи однофазних та трифазних приладів обліку електричної енергії (1 приєднання)', 0.00, 0.00, 438.98, 476.09, 488.47, 496.71, 'Позачергова технічна перевірка правильності роботи засобів обліку', '03', NULL, 'Інженер', 41.59, 2.59, 'А', 'АЕ 07-45ВА', '485-68АЕ', 'АЕ 59-97АО', 'АЕ 59-97АО', '485-68АЕ', 'АЕ 07-45ВА', 'АЕ 07-45ВА', 'АЕ 59-97АО', 'АЕ 59-97АО', 'АЕ 59-97АО', NULL, 0),
(41, 'Видача технічних умов приєднання електроустановки споживача до мереж ПрАТ ПЕЕМ ЦЕК\r\nдо 16 кВт (включно)', 0.00, 0.00, 1094.72, 1094.72, 1094.72, 1094.72, 'Видача технічних умов', '04', 'РЕМ', 'Майстер ПС (майстер РЕМ)', 33.14, 0.29, 'А', 'АЕ 24-86ВА', 'АЕ 31-66АМ', 'АЕ 07-42ВА', 'АЕ 30-74НЕ', 'АЕ 70-39СІ', 'АЕ 42-75ЕХ', 'АЕ 07-45ВА', '041-34АЕ', '864-37АВ', NULL, NULL, 0),
(42, 'Видача технічних умов приєднання електроустановки споживача до мереж ПрАТ ПЕЕМ ЦЕК\r\nвід 16 до 50 кВт (включно)', 0.00, 0.00, 1376.74, 1376.74, 1376.74, 1376.74, 'Видача технічних умов', '04', 'РЕМ', 'Майстер ПС (майстер РЕМ)', 33.14, 0.29, 'А', 'АЕ 24-86ВА', 'АЕ 31-66АМ', 'АЕ 07-42ВА', 'АЕ 30-74НЕ', 'АЕ 70-39СІ', 'АЕ 42-75ЕХ', 'АЕ 07-45ВА', '041-34АЕ', '864-37АВ', NULL, NULL, 0),
(43, 'Видача технічних умов приєднання електроустановки споживача до мереж ПрАТ ПЕЕМ ЦЕК\r\nвід 50 до 160 кВт (включно)', 0.00, 0.00, 1465.18, 1465.18, 1465.18, 1465.18, 'Видача технічних умов', '04', 'РЕМ', 'Майстер ПС (майстер РЕМ)', 33.14, 0.29, 'А', 'АЕ 24-86ВА', 'АЕ 31-66АМ', 'АЕ 07-42ВА', 'АЕ 30-74НЕ', 'АЕ 70-39СІ', 'АЕ 42-75ЕХ', 'АЕ 07-45ВА', '041-34АЕ', '864-37АВ', NULL, NULL, 0),
(44, 'Видача технічних умов приєднання електроустановки споживача до мереж ПрАТ ПЕЕМ ЦЕК\r\nвід 160 до 250 кВт (включно)', 0.00, 0.00, 1682.03, 1682.03, 1682.03, 1682.03, 'Видача технічних умов', '04', 'РЕМ', 'Майстер ПС (майстер РЕМ)', 33.14, 0.29, 'А', 'АЕ 24-86ВА', 'АЕ 31-66АМ', 'АЕ 07-42ВА', 'АЕ 30-74НЕ', 'АЕ 70-39СІ', 'АЕ 42-75ЕХ', 'АЕ 07-45ВА', '041-34АЕ', '864-37АВ', NULL, NULL, 0),
(45, 'Видача технічних умов приєднання електроустановки споживача до мереж ПрАТ ПЕЕМ ЦЕК\r\nвід 250 до 500 кВт (включно)', 0.00, 0.00, 1756.81, 1756.81, 1756.81, 1756.81, 'Видача технічних умов', '04', 'РЕМ', 'Майстер ПС (майстер РЕМ)', 33.14, 0.29, 'А', 'АЕ 24-86ВА', 'АЕ 31-66АМ', 'АЕ 07-42ВА', 'АЕ 30-74НЕ', 'АЕ 70-39СІ', 'АЕ 42-75ЕХ', 'АЕ 07-45ВА', '041-34АЕ', '864-37АВ', NULL, NULL, 0),
(46, 'Видача технічних умов приєднання електроустановки споживача до мереж ПрАТ ПЕЕМ ЦЕК \r\nвід 500 кВт і вище (включно)', 0.00, 0.00, 1914.51, 1914.51, 1914.51, 1914.51, 'Видача технічних умов', '04', 'РЕМ', 'Майстер ПС (майстер РЕМ)', 33.14, 0.29, 'А', 'АЕ 24-86ВА', 'АЕ 31-66АМ', 'АЕ 07-42ВА', 'АЕ 30-74НЕ', 'АЕ 70-39СІ', 'АЕ 42-75ЕХ', 'АЕ 07-45ВА', '041-34АЕ', '864-37АВ', NULL, NULL, 0),
(48, 'Погодження проектної документації на відповідність виданим технічним умовам до 16 кВт (включно)', 0.00, 0.00, 174.60, 174.60, 174.60, 174.60, 'Погодження проектної документації', '05', 'ВПР', 'Майстер ПС (майстер РЕМ)', 0.00, 0.29, 'А', '', '', '', '', '', '', '', '', '', NULL, NULL, 0),
(49, 'Погодження проектної документації на відповідність виданим технічним умовам \r\nвід 16 до 50 кВт (включно)', 0.00, 0.00, 225.51, 225.51, 225.51, 225.51, 'Погодження проектної документації', '05', 'ВПР', 'Майстер ПС (майстер РЕМ)', 0.00, 0.29, 'А', '', '', '', '', '', '', '', '', '', NULL, NULL, 0),
(50, 'Погодження проектної документації на відповідність виданим технічним умовам \r\nвід 50 до 160 кВт (включно)', 0.00, 0.00, 238.25, 238.25, 238.25, 238.25, 'Погодження проектної документації', '05', 'ВПР', 'Майстер ПС (майстер РЕМ)', 0.00, 0.29, 'А', '', '', '', '', '', '', '', '', '', NULL, NULL, 0),
(51, 'Погодження проектної документації на відповідність виданим технічним умовам \r\nвід 160 до 250 кВт (включно)', 0.00, 0.00, 276.46, 276.46, 276.46, 276.46, 'Погодження проектної документації', '05', 'ВПР', 'Майстер ПС (майстер РЕМ)', 0.00, 0.29, 'А', '', '', '', '', '', '', '', '', '', NULL, NULL, 0),
(52, 'Погодження проектної документації на відповідність виданим технічним умовам\r\nвід 250 до 500 кВт (включно)', 0.00, 0.00, 289.19, 289.19, 289.19, 289.19, 'Погодження проектної документації', '05', 'ВПР', 'Майстер ПС (майстер РЕМ)', 0.00, 0.29, 'А', '', '', '', '', '', '', '', '', '', NULL, NULL, 0),
(53, 'Погодження проектної документації на відповідність виданим технічним умовам \r\nвід 500 кВт і вище (включно)', 0.00, 0.00, 314.63, 314.63, 314.63, 314.63, 'Погодження проектної документації', '05', 'ВПР', 'Майстер ПС (майстер РЕМ)', 0.00, 0.29, 'А', '', '', '', '', '', '', '', '', '', NULL, NULL, 0),
(54, 'Оформлення дозволу на виконання робіт в охоронній зоні електричних мереж (ТП від 250 кВА до 1000 кВА) (1 дозвіл)', 0.00, 0.00, 48.91, 53.31, 54.78, 55.76, 'Оформлення дозволу на виконання робіт в охоронній зоні електричних мереж', '01', 'РЕМ', 'Електромонтер 5 р.', 30.16, 0.21, 'А', 'АЕ 24-86ВА', 'АЕ 31-66АМ', 'АЕ 07-42ВА', 'АЕ 30-74НЕ', 'АЕ 70-39СІ', 'АЕ 42-75ЕХ', 'АЕ 07-45ВА', '041-34АЕ', '864-37АВ', NULL, NULL, 0),
(55, 'Оформлення дозволу на виконання робіт в охоронній зоні електричних мереж (ТП від 250 кВА до 1000 кВА) (1 дозвіл)', 0.00, 0.00, 48.91, 53.31, 54.78, 55.76, 'Оформлення дозволу на виконання робіт в охоронній зоні електричних мереж', '01', 'РЕМ', 'Електромонтер 5 р.', 30.16, 0.21, 'А', 'АЕ 24-86ВА', 'АЕ 31-66АМ', 'АЕ 07-42ВА', 'АЕ 30-74НЕ', 'АЕ 70-39СІ', 'АЕ 42-75ЕХ', 'АЕ 07-45ВА', '041-34АЕ', '864-37АВ', NULL, NULL, 0),
(56, 'Підключення трифазного електролічильника за нарядом (одно-, двоквартирні будинки, промисловість, комун.споживачі в центрі міста, при обслуговуванні яких не обов''язкове застосування автотранспорта) (1 лічильник)', 0.00, 0.00, 82.05, 89.43, 91.90, 93.54, 'Підключення та/або відключення електроустановок', '02', 'РЕМ', 'Електромонтер 3 р.', 23.38, 0.54, 'А', 'АЕ 24-86ВА', 'АЕ 31-66АМ', 'АЕ 07-42ВА', 'АЕ 30-74НЕ', 'АЕ 70-39СІ', 'АЕ 42-75ЕХ', 'АЕ 07-45ВА', '041-34АЕ', '864-37АВ', NULL, NULL, 0),
(57, 'Відключення трифазного електролічильника за нарядом (одно-, двоквартирні будинки, промисловість, комун.споживачі в центрі міста, при обслуговуванні яких не обов''язкове застосування автотранспорта) (1 лічильник)', 0.00, 0.00, 82.05, 89.43, 91.90, 93.54, 'Підключення та/або відключення електроустановок', '02', 'РЕМ', 'Електромонтер 3 р.', 23.38, 0.54, 'А', 'АЕ 24-86ВА', 'АЕ 31-66АМ', 'АЕ 07-42ВА', 'АЕ 30-74НЕ', 'АЕ 70-39СІ', 'АЕ 42-75ЕХ', 'АЕ 07-45ВА', '041-34АЕ', '864-37АВ', NULL, NULL, 0),
(58, 'Підключення електроустановки споживача до електричної мережі за допомогою комутаційної апаратури  (1 споживач (електроустановка))', 0.00, 0.00, 69.62, 75.89, 77.97, 79.37, 'Підключення та/або відключення електроустановок', '02', 'РЕМ', 'Електромонтер 4 р.', 26.27, 0.17, 'А', 'АЕ 24-86ВА', 'АЕ 31-66АМ', 'АЕ 07-42ВА', 'АЕ 30-74НЕ', 'АЕ 70-39СІ', 'АЕ 42-75ЕХ', 'АЕ 07-45ВА', '041-34АЕ', '864-37АВ', NULL, NULL, 0),
(59, 'Підключення електроустановки споживача до електричної мережі за допомогою комутаційної апаратури  (1 споживач (електроустановка))', 0.00, 0.00, 69.62, 75.89, 77.97, 79.37, 'Підключення та/або відключення електроустановок', '02', 'РЕМ', 'Електромонтер 3 р.', 23.38, 0.17, 'А', 'АЕ 24-86ВА', 'АЕ 31-66АМ', 'АЕ 07-42ВА', 'АЕ 30-74НЕ', 'АЕ 70-39СІ', 'АЕ 42-75ЕХ', 'АЕ 07-45ВА', '041-34АЕ', '864-37АВ', NULL, NULL, 0),
(60, 'Відключення електроустановки споживача від електричної мережі за допомогою комутаційної апаратури  (1 споживач (електроустановка))', 0.00, 0.00, 69.62, 75.89, 77.97, 79.37, 'Підключення та/або відключення електроустановок', '02', 'РЕМ', 'Електромонтер 4 р.', 26.27, 0.17, 'А', 'АЕ 24-86ВА', 'АЕ 31-66АМ', 'АЕ 07-42ВА', 'АЕ 30-74НЕ', 'АЕ 70-39СІ', 'АЕ 42-75ЕХ', 'АЕ 07-45ВА', '041-34АЕ', '864-37АВ', NULL, NULL, 0),
(61, 'Відключення електроустановки споживача від електричної мережі за допомогою комутаційної апаратури  (1 споживач (електроустановка))', 0.00, 0.00, 69.62, 75.89, 77.97, 79.37, 'Підключення та/або відключення електроустановок', '02', 'РЕМ', 'Електромонтер 3 р.', 23.38, 0.17, 'А', 'АЕ 24-86ВА', 'АЕ 31-66АМ', 'АЕ 07-42ВА', 'АЕ 30-74НЕ', 'АЕ 70-39СІ', 'АЕ 42-75ЕХ', 'АЕ 07-45ВА', '041-34АЕ', '864-37АВ', NULL, NULL, 0),
(62, 'Відключення (в тому числі повторне) електроустановки споживача з 1-фазним лічильником від ізольованої електромережі на опорі ПЛ 0,4 кВ із зняттям проколюючих зажимів із застосуванням автовишки (1 споживач (електроустановка))', 0.00, 0.00, 162.11, 172.32, 175.72, 177.99, 'Підключення та/або відключення електроустановок', '02', 'РЕМ', 'Електромонтер 5 р.', 30.16, 0.11, 'В', 'АЕ 78-08АК', 'АЕ 53-80НМ', 'АЕ 78-57СН', 'АЕ 93-22ЕТ', 'АЕ 36-35ВВ', 'АЕ 30-68НЕ', 'АЕ 78-56СН', 'АЕ 36-34ВВ', '864-37АВ', NULL, NULL, 0),
(63, 'Відключення (в тому числі повторне) електроустановки споживача з 1-фазним лічильником від ізольованої електромережі на опорі ПЛ 0,4 кВ із зняттям проколюючих зажимів із застосуванням автовишки (1 споживач (електроустановка))', 0.00, 0.00, 162.11, 172.32, 175.72, 177.99, 'Підключення та/або відключення електроустановок', '02', 'РЕМ', 'Електромонтер 3 р.', 23.38, 0.11, 'В', 'АЕ 78-08АК', 'АЕ 53-80НМ', 'АЕ 78-57СН', 'АЕ 93-22ЕТ', 'АЕ 36-35ВВ', 'АЕ 30-68НЕ', 'АЕ 78-56СН', 'АЕ 36-34ВВ', '864-37АВ', NULL, NULL, 0),
(64, 'Повторне підключення після відключення електроустановки споживача з 1-фазним лічильником до електромережі з ізольованими проводами на опорі ПЛ 0,4 кВ проколюючими зажимами із застосуванням автовишки (1 споживач (електроустановка))', 0.00, 0.00, 168.14, 178.89, 182.48, 184.87, 'Підключення та/або відключення електроустановок', '02', 'РЕМ', 'Електромонтер 5 р.', 30.16, 0.15, 'В', 'АЕ 78-08АК', 'АЕ 53-80НМ', 'АЕ 78-57СН', 'АЕ 93-22ЕТ', 'АЕ 36-35ВВ', 'АЕ 30-68НЕ', 'АЕ 78-56СН', 'АЕ 36-34ВВ', '864-37АВ', NULL, NULL, 0),
(65, 'Повторне підключення після відключення електроустановки споживача з 1-фазним лічильником до електромережі з ізольованими проводами на опорі ПЛ 0,4 кВ проколюючими зажимами із застосуванням автовишки (1 споживач (електроустановка))', 0.00, 0.00, 168.14, 178.89, 182.48, 184.87, 'Підключення та/або відключення електроустановок', '02', 'РЕМ', 'Електромонтер 3 р.', 23.38, 0.15, 'В', 'АЕ 78-08АК', 'АЕ 53-80НМ', 'АЕ 78-57СН', 'АЕ 93-22ЕТ', 'АЕ 36-35ВВ', 'АЕ 30-68НЕ', 'АЕ 78-56СН', 'АЕ 36-34ВВ', '864-37АВ', NULL, NULL, 0),
(66, 'Відключення (в тому числі повторное) електроустановки споживача з 3-фазним лічильником від ізольованої електромережі на опорі ПЛ 0,4 кВ із зняттям проколюючих зажимів із застосуванням автовишки (1 споживач (електроустановка))', 0.00, 0.00, 210.88, 223.32, 227.47, 230.23, 'Підключення та/або відключення електроустановок', '02', 'РЕМ', 'Електромонтер 5 р.', 30.16, 0.11, 'В', 'АЕ 78-08АК', 'АЕ 53-80НМ', 'АЕ 78-57СН', 'АЕ 93-22ЕТ', 'АЕ 36-35ВВ', 'АЕ 30-68НЕ', 'АЕ 78-56СН', 'АЕ 36-34ВВ', '864-37АВ', NULL, NULL, 0),
(67, 'Відключення (в тому числі повторное) електроустановки споживача з 3-фазним лічильником від ізольованої електромережі на опорі ПЛ 0,4 кВ із зняттям проколюючих зажимів із застосуванням автовишки (1 споживач (електроустановка))', 0.00, 0.00, 210.88, 223.32, 227.47, 230.23, 'Підключення та/або відключення електроустановок', '02', 'РЕМ', 'Електромонтер 3 р.', 23.38, 0.11, 'В', 'АЕ 78-08АК', 'АЕ 53-80НМ', 'АЕ 78-57СН', 'АЕ 93-22ЕТ', 'АЕ 36-35ВВ', 'АЕ 30-68НЕ', 'АЕ 78-56СН', 'АЕ 36-34ВВ', '864-37АВ', NULL, NULL, 0),
(68, 'Повторное підключення після відключення електроустановки споживача з 3-фазним лічильником до електромережі з ізольованими проводами на опорі ПЛ 0,4 кВ проколюючими зажимами із застосуванням автовишки (1 споживач (електроустановка))', 0.00, 0.00, 216.91, 229.89, 234.22, 237.11, 'Підключення та/або відключення електроустановок', '02', 'РЕМ', 'Електромонтер 5 р.', 30.16, 0.15, 'В', 'АЕ 78-08АК', 'АЕ 53-80НМ', 'АЕ 78-57СН', 'АЕ 93-22ЕТ', 'АЕ 36-35ВВ', 'АЕ 30-68НЕ', 'АЕ 78-56СН', 'АЕ 36-34ВВ', '864-37АВ', NULL, NULL, 0),
(69, 'Повторное підключення після відключення електроустановки споживача з 3-фазним лічильником до електромережі з ізольованими проводами на опорі ПЛ 0,4 кВ проколюючими зажимами із застосуванням автовишки (1 споживач (електроустановка))', 0.00, 0.00, 216.91, 229.89, 234.22, 237.11, 'Підключення та/або відключення електроустановок', '02', 'РЕМ', 'Електромонтер 3 р.', 23.38, 0.15, 'В', 'АЕ 78-08АК', 'АЕ 53-80НМ', 'АЕ 78-57СН', 'АЕ 93-22ЕТ', 'АЕ 36-35ВВ', 'АЕ 30-68НЕ', 'АЕ 78-56СН', 'АЕ 36-34ВВ', '864-37АВ', NULL, NULL, 0),
(70, 'Відключення (в тому числі повторное) електроустановки споживача (з 1-фазним чи 3-фазним лічильником) та ізольованим вводом від електромережі у виносній шафі обліку на фасаді будинку  (1 споживач (електроустановка))', 0.00, 0.00, 61.42, 66.50, 68.20, 69.33, 'Підключення та/або відключення електроустановок', '02', 'РЕМ', 'Електромонтер 3 р.', 23.38, 0.08, 'А', 'АЕ 24-86ВА', 'АЕ 31-66АМ', 'АЕ 07-42ВА', 'АЕ 30-74НЕ', 'АЕ 70-39СІ', 'АЕ 42-75ЕХ', 'АЕ 07-45ВА', '041-34АЕ', '864-37АВ', NULL, NULL, 0),
(71, 'Відключення (в тому числі повторное) електроустановки споживача (з 1-фазним чи 3-фазним лічильником) та ізольованим вводом від електромережі у виносній шафі обліку на фасаді будинку  (1 споживач (електроустановка))', 0.00, 0.00, 61.42, 66.50, 68.20, 69.33, 'Підключення та/або відключення електроустановок', '02', 'РЕМ', 'Електромонтер 3 р.', 23.38, 0.08, 'А', 'АЕ 24-86ВА', 'АЕ 31-66АМ', 'АЕ 07-42ВА', 'АЕ 30-74НЕ', 'АЕ 70-39СІ', 'АЕ 42-75ЕХ', 'АЕ 07-45ВА', '041-34АЕ', '864-37АВ', NULL, NULL, 0),
(72, 'Повторне підключення після відключення електроустановки споживача (з 1-фазним чи 3-фазним лічильником) до електромережі у виносній шафі обліку на фасаді будинку  (1 споживач (електроустановка))', 0.00, 0.00, 57.15, 62.29, 64.01, 65.15, 'Підключення та/або відключення електроустановок', '02', 'РЕМ', 'Електромонтер 3 р.', 23.38, 0.08, 'А', 'АЕ 24-86ВА', 'АЕ 31-66АМ', 'АЕ 07-42ВА', 'АЕ 30-74НЕ', 'АЕ 70-39СІ', 'АЕ 42-75ЕХ', 'АЕ 07-45ВА', '041-34АЕ', '864-37АВ', NULL, NULL, 0),
(73, 'Повторне підключення після відключення електроустановки споживача (з 1-фазним чи 3-фазним лічильником) до електромережі у виносній шафі обліку на фасаді будинку  (1 споживач (електроустановка))', 0.00, 0.00, 57.15, 62.29, 64.01, 65.15, 'Підключення та/або відключення електроустановок', '02', 'РЕМ', 'Електромонтер 3 р.', 23.38, 0.08, 'А', 'АЕ 24-86ВА', 'АЕ 31-66АМ', 'АЕ 07-42ВА', 'АЕ 30-74НЕ', 'АЕ 70-39СІ', 'АЕ 42-75ЕХ', 'АЕ 07-45ВА', '041-34АЕ', '864-37АВ', NULL, NULL, 0),
(74, 'Відключення (в тому числі повторного) електроустановки споживача (з 1-фазним чи 3-фазним лічильником) від електромережі в центрах живлення (в приміщенні ТП) з застосуванням комутаційної апаратури (1 споживач (електроустановка))', 0.00, 0.00, 62.84, 68.05, 69.79, 70.94, 'Підключення та/або відключення електроустановок', '02', 'РЕМ', 'Електромонтер 5 р.', 30.16, 0.08, 'А', 'АЕ 24-86ВА', 'АЕ 31-66АМ', 'АЕ 07-42ВА', 'АЕ 30-74НЕ', 'АЕ 70-39СІ', 'АЕ 42-75ЕХ', 'АЕ 07-45ВА', '041-34АЕ', '864-37АВ', NULL, NULL, 0),
(75, 'Відключення (в тому числі повторного) електроустановки споживача (з 1-фазним чи 3-фазним лічильником) від електромережі в центрах живлення (в приміщенні ТП) з застосуванням комутаційної апаратури (1 споживач (електроустановка))', 0.00, 0.00, 62.84, 68.05, 69.79, 70.94, 'Підключення та/або відключення електроустановок', '02', 'РЕМ', 'Електромонтер 3 р.', 23.38, 0.08, 'А', 'АЕ 24-86ВА', 'АЕ 31-66АМ', 'АЕ 07-42ВА', 'АЕ 30-74НЕ', 'АЕ 70-39СІ', 'АЕ 42-75ЕХ', 'АЕ 07-45ВА', '041-34АЕ', '864-37АВ', NULL, NULL, 0),
(76, 'Повторное підключення після відключення електроустановки споживача (з 1-фазним чи 3-фазним лічильником) до електромережі в центрах живлення (в приміщенні ТП) з застосуванням комутаційної апаратури. (1 споживач (електроустановка))', 0.00, 0.00, 54.88, 59.82, 61.47, 62.56, 'Підключення та/або відключення електроустановок', '02', 'РЕМ', 'Електромонтер 5 р.', 30.16, 0.06, 'А', 'АЕ 24-86ВА', 'АЕ 31-66АМ', 'АЕ 07-42ВА', 'АЕ 30-74НЕ', 'АЕ 70-39СІ', 'АЕ 42-75ЕХ', 'АЕ 07-45ВА', '041-34АЕ', '864-37АВ', NULL, NULL, 0),
(77, 'Повторное підключення після відключення електроустановки споживача (з 1-фазним чи 3-фазним лічильником) до електромережі в центрах живлення (в приміщенні ТП) з застосуванням комутаційної апаратури. (1 споживач (електроустановка))', 0.00, 0.00, 54.88, 59.82, 61.47, 62.56, 'Підключення та/або відключення електроустановок', '02', 'РЕМ', 'Електромонтер 3 р.', 23.38, 0.06, 'А', 'АЕ 24-86ВА', 'АЕ 31-66АМ', 'АЕ 07-42ВА', 'АЕ 30-74НЕ', 'АЕ 70-39СІ', 'АЕ 42-75ЕХ', 'АЕ 07-45ВА', '041-34АЕ', '864-37АВ', NULL, NULL, 0),
(78, 'Відключення (в тому числі повторне) електроустановки споживача з 1-фазним лічильником від електромережі основного споживача (в поверховому розподільчому щиті) (1 споживач (електроустановка))', 0.00, 0.00, 79.15, 85.83, 88.05, 89.54, 'Підключення та/або відключення електроустановок', '02', 'РЕМ', 'Електромонтер 3 р.', 23.38, 0.21, 'А', 'АЕ 24-86ВА', 'АЕ 31-66АМ', 'АЕ 07-42ВА', 'АЕ 30-74НЕ', 'АЕ 70-39СІ', 'АЕ 42-75ЕХ', 'АЕ 07-45ВА', '041-34АЕ', '864-37АВ', NULL, NULL, 0);
INSERT INTO `costwork` (`id`, `work`, `cast_1`, `cast_2`, `cast_3`, `cast_4`, `cast_5`, `cast_6`, `usluga`, `kod_uslug`, `exec`, `brig`, `stavka_grn`, `time_transp`, `type_transp`, `T_Ap`, `T_Vg`, `T_Gv`, `T_Dn`, `T_Yv`, `T_Ing`, `T_Krr`, `T_Pvg`, `T_Zp`, `Szoe`, `Sdizp`, `hide`) VALUES
(79, 'Відключення (в тому числі повторне) електроустановки споживача з 1-фазним лічильником від електромережі основного споживача (в поверховому розподільчому щиті) (1 споживач (електроустановка))', 0.00, 0.00, 79.15, 85.83, 88.05, 89.54, 'Підключення та/або відключення електроустановок', '02', 'РЕМ', 'Електромонтер 3 р.', 23.38, 0.21, 'А', 'АЕ 24-86ВА', 'АЕ 31-66АМ', 'АЕ 07-42ВА', 'АЕ 30-74НЕ', 'АЕ 70-39СІ', 'АЕ 42-75ЕХ', 'АЕ 07-45ВА', '041-34АЕ', '864-37АВ', NULL, NULL, 0),
(80, 'Повторне підключення після відключення електроустановки споживача з 1-фазним лічильником до внутрішньобудинкової електромережі основного споживача (в поверховому розподільчому щиті) (1 споживач (електроустановка))', 0.00, 0.00, 84.40, 91.55, 93.93, 95.52, 'Підключення та/або відключення електроустановок', '02', 'РЕМ', 'Електромонтер 3 р.', 23.38, 0.25, 'А', 'АЕ 24-86ВА', 'АЕ 31-66АМ', 'АЕ 07-42ВА', 'АЕ 30-74НЕ', 'АЕ 70-39СІ', 'АЕ 42-75ЕХ', 'АЕ 07-45ВА', '041-34АЕ', '864-37АВ', NULL, NULL, 0),
(81, 'Повторне підключення після відключення електроустановки споживача з 1-фазним лічильником до внутрішньобудинкової електромережі основного споживача (в поверховому розподільчому щиті) (1 споживач (електроустановка))', 0.00, 0.00, 84.40, 91.55, 93.93, 95.52, 'Підключення та/або відключення електроустановок', '02', 'РЕМ', 'Електромонтер 3 р.', 23.38, 0.25, 'А', 'АЕ 24-86ВА', 'АЕ 31-66АМ', 'АЕ 07-42ВА', 'АЕ 30-74НЕ', 'АЕ 70-39СІ', 'АЕ 42-75ЕХ', 'АЕ 07-45ВА', '041-34АЕ', '864-37АВ', NULL, NULL, 0),
(82, 'Відключення (в тому числі повторне) електроустановки споживача з 1-фазним лічильником в точці обліку від внутрішньої електромережі споживача (в будинку або в квартирі) (1 споживач (електроустановка))', 0.00, 0.00, 75.83, 82.21, 84.34, 85.75, 'Підключення та/або відключення електроустановок', '02', 'РЕМ', 'Електромонтер 3 р.', 23.38, 0.19, 'А', 'АЕ 24-86ВА', 'АЕ 31-66АМ', 'АЕ 07-42ВА', 'АЕ 30-74НЕ', 'АЕ 70-39СІ', 'АЕ 42-75ЕХ', 'АЕ 07-45ВА', '041-34АЕ', '864-37АВ', NULL, NULL, 0),
(83, 'Відключення (в тому числі повторне) електроустановки споживача з 1-фазним лічильником в точці обліку від внутрішньої електромережі споживача (в будинку або в квартирі) (1 споживач (електроустановка))', 0.00, 0.00, 75.83, 82.21, 84.34, 85.75, 'Підключення та/або відключення електроустановок', '02', NULL, 'Електромонтер 3 р.', 23.38, 0.19, 'А', 'АЕ 24-86ВА', 'АЕ 31-66АМ', 'АЕ 07-42ВА', 'АЕ 30-74НЕ', 'АЕ 70-39СІ', 'АЕ 42-75ЕХ', 'АЕ 07-45ВА', '041-34АЕ', '864-37АВ', NULL, NULL, 0),
(84, 'Повторне підключення після відключення електроустановки споживача з 1-фазним лічильником в точці обліку до внутрішньобудинкової електромережі споживача (в будинку або в квартирі) (1 споживач (електроустановка))', 0.00, 0.00, 86.37, 93.70, 96.14, 97.77, 'Підключення та/або відключення електроустановок', '02', 'РЕМ', 'Електромонтер 3 р.', 23.38, 0.27, 'А', 'АЕ 24-86ВА', 'АЕ 31-66АМ', 'АЕ 07-42ВА', 'АЕ 30-74НЕ', 'АЕ 70-39СІ', 'АЕ 42-75ЕХ', 'АЕ 07-45ВА', '041-34АЕ', '864-37АВ', NULL, NULL, 0),
(85, 'Повторне підключення після відключення електроустановки споживача з 1-фазним лічильником в точці обліку до внутрішньобудинкової електромережі споживача (в будинку або в квартирі) (1 споживач (електроустановка))', 0.00, 0.00, 86.37, 93.70, 96.14, 97.77, 'Підключення та/або відключення електроустановок', '02', NULL, 'Електромонтер 3 р.', 23.38, 0.27, 'А', 'АЕ 24-86ВА', 'АЕ 31-66АМ', 'АЕ 07-42ВА', 'АЕ 30-74НЕ', 'АЕ 70-39СІ', 'АЕ 42-75ЕХ', 'АЕ 07-45ВА', '041-34АЕ', '864-37АВ', NULL, NULL, 0),
(86, 'Визов інспектора  (1 споживач)', 0.00, 0.00, 506.14, 551.70, 566.90, 577.00, 'Визов інспектора', '07', 'РЕМ', 'Інженер', 43.83, 2.00, 'А', 'АЕ 24-86ВА', 'АЕ 31-66АМ', 'АЕ 07-42ВА', 'АЕ 30-74НЕ', 'АЕ 70-39СІ', 'АЕ 42-75ЕХ', 'АЕ 07-45ВА', '041-34АЕ', '864-37АВ', NULL, NULL, 0),
(87, 'Визов інспектора  (1 споживач)', 0.00, 0.00, 0.00, 0.00, 0.00, 0.00, NULL, '', NULL, ' Інспектор', 35.60, 2.00, 'А', 'АЕ 24-86ВА', 'АЕ 31-66АМ', 'АЕ 07-42ВА', 'АЕ 30-74НЕ', 'АЕ 70-39СІ', 'АЕ 42-75ЕХ', 'АЕ 07-45ВА', '041-34АЕ', '864-37АВ', NULL, NULL, 0),
(88, 'Програмування електронного лічильника електроенергії за допомогою переносного комп''ютера (1 приєднання)', 0.00, 0.00, 815.49, 886.38, 910.00, 925.73, 'Роботи по заміні (встановленню) приладів обліку. ', '08', 'СЗОЕ, групи з обслуговування приладів обліку РЕМ', 'Провідний інженер', 48.43, 2.50, 'А', 'АЕ 07-45ВА', '484-68АЕ', 'АЕ 59-97АО', 'АЕ 59-97АО', '484-68АЕ', 'АЕ 07-45ВА', 'АЕ 07-45ВА', 'АЕ 59-97АО', 'АЕ 59-97АО', 'АЕ 59-97АО', NULL, 0),
(89, 'Програмування електронного лічильника електроенергії за допомогою переносного комп''ютера (1 приєднання)', 0.00, 0.00, 0.00, 0.00, 0.00, 0.00, NULL, '', NULL, 'Інженер', 43.83, 2.50, 'А', 'АЕ 07-45ВА', '484-68АЕ', 'АЕ 59-97АО', 'АЕ 59-97АО', '484-68АЕ', 'АЕ 07-45ВА', 'АЕ 07-45ВА', 'АЕ 59-97АО', 'АЕ 59-97АО', 'АЕ 59-97АО', NULL, 0),
(90, 'Вимірювання опору ізоляції силових кабельних ліній на напругу до 1 кВ включно, вимірювання повного опору петлі фаза-нуль (до 1 кВ) та вимірювання опору заземлюючих пристроїв напругою до 1 кВ включно (1 кабель) ', 383.84, 419.56, 0.00, 415.96, 426.70, 433.85, 'Послуги електротехнічної лабораторії (електротехнічні випробування та вимірювання)', '09', 'СДІЗП, електротехнічні групи РЕМ', 'Інженер', 42.04, 1.72, 'Л', 'АЕ 61-93АР', 'АЕ 61-93АР', 'АЕ 23-03ВМ', 'АЕ 23-03ВМ', 'АЕ 61-93АР', 'АЕ 61-93АР', 'АЕ 61-93АР', 'АЕ 73-22АЕ', 'АЕ 23-03ВМ', NULL, 'АЕ 23-03ВМ', 0),
(91, 'Вимірювання опору ізоляції силових кабельних ліній на напругу до 1 кВ включно, вимірювання повного опору петлі фаза-нуль (до 1 кВ) та вимірювання опору заземлюючих пристроїв напругою до 1 кВ включно (1 кабель)', 383.84, 419.56, 0.00, 415.96, 426.70, 433.85, 'Послуги електротехнічної лабораторії (електротехнічні випробування та вимірювання)', '09', 'СДІЗП, електротехнічні групи РЕМ', 'Електромонтер 4р.', 27.65, 1.72, 'Л', 'АЕ 61-93АР', 'АЕ 61-93АР', 'АЕ 23-03ВМ', 'АЕ 23-03ВМ', 'АЕ 61-93АР', 'АЕ 61-93АР', 'АЕ 61-93АР', 'АЕ 73-22АЕ', 'АЕ 23-03ВМ', NULL, 'АЕ 23-03ВМ', 0),
(92, 'Вимірювання опору ізоляції силових кабельних ліній на напругу до 1 кВ включно, вимірювання повного опору петлі фаза-нуль (до 1 кВ) та вимірювання опору заземлюючих пристроїв напругою до 1 кВ включно (1 кабель)', 383.84, 419.56, 0.00, 415.96, 426.70, 433.85, 'Послуги електротехнічної лабораторії (електротехнічні випробування та вимірювання)', '09', 'СДІЗП, електротехнічні групи РЕМ', 'Електромонтер 5р.', 31.74, 1.72, 'Л', 'АЕ 61-93АР', 'АЕ 61-93АР', 'АЕ 23-03ВМ', 'АЕ 23-03ВМ', 'АЕ 61-93АР', 'АЕ 61-93АР', 'АЕ 61-93АР', 'АЕ 73-22АЕ', 'АЕ 23-03ВМ', NULL, 'АЕ 23-03ВМ', 0),
(93, 'Вимірювання повного опору петлі фаза-нуль (до 1 кВ) (1 вимірювання) ', 178.18, 193.31, 0.00, 191.78, 196.34, 199.38, 'Послуги електротехнічної лабораторії (електротехнічні випробування та вимірювання)', '09', 'СДІЗП, електротехнічні групи РЕМ', 'Електромонтер 5р.', 31.74, 0.80, 'Л', 'АЕ 61-93АР', 'АЕ 61-93АР', 'АЕ 23-03ВМ', 'АЕ 23-03ВМ', 'АЕ 61-93АР', 'АЕ 61-93АР', 'АЕ 61-93АР', 'АЕ 73-22АЕ', 'АЕ 23-03ВМ', NULL, 'АЕ 23-03ВМ', 0),
(94, 'Вимірювання повного опору петлі фаза-нуль (до 1 кВ) (1 вимірювання)', 0.00, 0.00, 0.00, 0.00, 0.00, 0.00, NULL, '', NULL, 'Електромонтер 4р.', 27.65, 0.80, 'Л', 'АЕ 61-93АР', 'АЕ 61-93АР', 'АЕ 23-03ВМ', 'АЕ 23-03ВМ', 'АЕ 61-93АР', 'АЕ 61-93АР', 'АЕ 61-93АР', 'АЕ 73-22АЕ', 'АЕ 23-03ВМ', NULL, 'АЕ 23-03ВМ', 0),
(95, 'Вимірювання опору заземлюючих пристроїв напругою до 1 кВ включно  (1 вимірювання)', 149.79, 162.09, 0.00, 160.85, 164.54, 166.99, 'Послуги електротехнічної лабораторії (електротехнічні випробування та вимірювання)', '09', 'СДІЗП, електротехнічні групи РЕМ', 'Електромонтер 5р.', 31.74, 0.65, 'Л', 'АЕ 61-93АР', 'АЕ 61-93АР', 'АЕ 23-03ВМ', 'АЕ 23-03ВМ', 'АЕ 61-93АР', 'АЕ 61-93АР', 'АЕ 61-93АР', 'АЕ 73-22АЕ', 'АЕ 23-03ВМ', NULL, 'АЕ 23-03ВМ', 0),
(96, 'Вимірювання опору заземлюючих пристроїв напругою до 1 кВ включно  (1 вимірювання)', 0.00, 0.00, 0.00, 0.00, 0.00, 0.00, NULL, '', NULL, 'Електромонтер 4р.', 27.65, 0.65, 'Л', 'АЕ 61-93АР', 'АЕ 61-93АР', 'АЕ 23-03ВМ', 'АЕ 23-03ВМ', 'АЕ 61-93АР', 'АЕ 61-93АР', 'АЕ 61-93АР', 'АЕ 73-22АЕ', 'АЕ 23-03ВМ', NULL, 'АЕ 23-03ВМ', 0),
(97, 'Вимірювання опору ізоляції силових кабельних ліній на напругу до 1 кВ включно (1 кабель)', 109.48, 117.76, 0.00, 116.93, 119.43, 121.08, 'Послуги електротехнічної лабораторії (електротехнічні випробування та вимірювання)', '09', 'СДІЗП, електротехнічні групи РЕМ', 'Інженер', 42.04, 0.27, 'Л', 'АЕ 61-93АР', 'АЕ 61-93АР', 'АЕ 23-03ВМ', 'АЕ 23-03ВМ', 'АЕ 61-93АР', 'АЕ 61-93АР', 'АЕ 61-93АР', 'АЕ 73-22АЕ', 'АЕ 23-03ВМ', NULL, 'АЕ 23-03ВМ', 0),
(98, 'Вимірювання опору ізоляції силових кабельних ліній на напругу до 1 кВ включно (1 кабель)', 0.00, 0.00, 0.00, 0.00, 0.00, 0.00, NULL, '', NULL, 'Електромонтер 4р.', 27.65, NULL, 'А', 'АЕ 24-86ВА', 'АЕ 31-66АМ', 'АЕ 07-42ВА', 'АЕ 30-74НЕ', 'АЕ 70-39СІ', 'АЕ 42-75ЕХ', 'АЕ 07-45ВА', '041-34АЕ', '864-37АВ', NULL, NULL, 0),
(99, 'Вимірювання опору ізоляції силових кабельних ліній на напругу до 1 кВ включно (1 кабель)', 0.00, 0.00, 0.00, 0.00, 0.00, 0.00, NULL, '', NULL, 'Електромонтер 4р.', 27.65, NULL, 'А', 'АЕ 24-86ВА', 'АЕ 31-66АМ', 'АЕ 07-42ВА', 'АЕ 30-74НЕ', 'АЕ 70-39СІ', 'АЕ 42-75ЕХ', 'АЕ 07-45ВА', '041-34АЕ', '864-37АВ', NULL, NULL, 0),
(100, 'Огляд обладнання споживача на предмет технічної готовності електромонтажних робіт (1 огляд)', 0.00, 0.00, 139.65, 143.06, 144.19, 144.95, 'Послуги з технічного обслуговування об''єктів', '10', 'РЕМ', 'Інженер', 43.83, 1.00, 'А', 'АЕ 24-86ВА', 'АЕ 31-66АМ', 'АЕ 07-42ВА', 'АЕ 30-74НЕ', 'АЕ 70-39СІ', 'АЕ 42-75ЕХ', 'АЕ 07-45ВА', '041-34АЕ', '864-37АВ', NULL, NULL, 0),
(101, 'Вимірювання втрат напруги у вторинних колах ТН. Вимірювання повної потужності і коефіцієнта потужності навантаження вторинних кіл ТН та ТС. (1 трансформатор)', 0.00, 0.00, 497.64, 537.44, 550.65, 559.54, 'Роботи по заміні (встановленню) приладів обліку. ', '08', 'СЗОЕ, групи з обслуговування приладів обліку РЕМ', 'Інженер', 48.43, 2.55, 'А', 'АЕ 07-45ВА', '484-68АЕ', 'АЕ 59-97АО', 'АЕ 59-97АО', '484-68АЕ', 'АЕ 07-45ВА', 'АЕ 07-45ВА', 'АЕ 59-97АО', 'АЕ 59-97АО', 'АЕ 59-97АО', NULL, 0),
(102, 'Вимірювання втрат напруги у вторинних колах ТН. Вимірювання повної потужності і коефіцієнта потужності навантаження вторинних кіл ТН та ТС. (1 трансформатор)', NULL, NULL, 0.00, 0.00, 0.00, 0.00, '', '', NULL, 'Майстер', 27.65, 2.55, 'А', 'АЕ 07-45ВА', '484-68АЕ', 'АЕ 59-97АО', 'АЕ 59-97АО', '484-68АЕ', 'АЕ 07-45ВА', 'АЕ 07-45ВА', 'АЕ 59-97АО', 'АЕ 59-97АО', 'АЕ 59-97АО', NULL, 0),
(103, 'Вимірювання втрат напруги у вторинних колах ТН. Вимірювання повної потужності і коефіцієнта потужності навантаження вторинних кіл ТН та ТС. (1 трансформатор)', 0.00, 0.00, 0.00, 0.00, 0.00, 0.00, NULL, '', NULL, 'Майстер', 24.60, 2.55, 'А', 'АЕ 07-45ВА', '484-68АЕ', 'АЕ 59-97АО', 'АЕ 59-97АО', '484-68АЕ', 'АЕ 07-45ВА', 'АЕ 07-45ВА', 'АЕ 59-97АО', 'АЕ 59-97АО', 'АЕ 59-97АО', NULL, 0),
(104, 'Заміна лічильника електроенергії прямого вмикання (1 лічильник)', 0.00, 0.00, 324.59, 344.69, 351.35, 355.81, 'Роботи по заміні (встановленню) приладів обліку. ', '08', 'СЗОЕ, групи з обслуговування приладів обліку РЕМ', 'Майстер', 24.60, 2.36, 'А', 'АЕ 07-45ВА', '484-68АЕ', 'АЕ 59-97АО', 'АЕ 59-97АО', '484-68АЕ', 'АЕ 07-45ВА', 'АЕ 07-45ВА', 'АЕ 59-97АО', 'АЕ 59-97АО', 'АЕ 59-97АО', NULL, 0),
(105, 'Заміна лічильника електроенергії трансформаторного включення на стороні НН (ВН) (1 лічильник)', 0.00, 0.00, 453.89, 485.61, 496.17, 503.21, 'Роботи по заміні (встановленню) приладів обліку. ', '08', 'СЗОЕ, групи з обслуговування приладів обліку РЕМ', 'Електромонтер 3р.', 24.60, 2.83, 'А', 'АЕ 07-45ВА', '484-68АЕ', 'АЕ 59-97АО', 'АЕ 59-97АО', '484-68АЕ', 'АЕ 07-45ВА', 'АЕ 07-45ВА', 'АЕ 59-97АО', 'АЕ 59-97АО', 'АЕ 59-97АО', NULL, 0),
(106, 'Заміна лічильника електроенергії трансформаторного включення на стороні НН (ВН) (1 лічильник)', 0.00, 0.00, 0.00, 0.00, 0.00, 0.00, NULL, '', NULL, 'Електромонтер 3р.', 24.60, 2.83, 'А', 'АЕ 07-45ВА', '484-68АЕ', 'АЕ 59-97АО', 'АЕ 59-97АО', '484-68АЕ', 'АЕ 07-45ВА', 'АЕ 07-45ВА', 'АЕ 59-97АО', 'АЕ 59-97АО', 'АЕ 59-97АО', NULL, 0),
(107, 'Заміна трансформаторів струму в електроустановках напругою до 1000 В (1 трансформатор)', 0.00, 0.00, 831.51, 869.01, 881.58, 889.90, 'Роботи по заміні (встановленню) приладів обліку. ', '08', 'СЗОЕ, групи з обслуговування приладів обліку РЕМ', 'Електромонтер 4р.', 27.65, 5.70, 'А', 'АЕ 07-45ВА', '484-68АЕ', 'АЕ 59-97АО', 'АЕ 59-97АО', '484-68АЕ', 'АЕ 07-45ВА', 'АЕ 07-45ВА', 'АЕ 59-97АО', 'АЕ 59-97АО', 'АЕ 59-97АО', NULL, 0),
(108, 'Заміна трансформаторів струму в електроустановках напругою до 1000 В (1 трансформатор)', 0.00, 0.00, 0.00, 0.00, 0.00, 0.00, NULL, '', NULL, 'Електромонтер 3р.', 24.60, 5.70, 'А', 'АЕ 07-45ВА', '484-68АЕ', 'АЕ 59-97АО', 'АЕ 59-97АО', '484-68АЕ', 'АЕ 07-45ВА', 'АЕ 07-45ВА', 'АЕ 59-97АО', 'АЕ 59-97АО', 'АЕ 59-97АО', NULL, 0),
(109, 'Технічний нагляд за виконанням робіт у межах охоронної зони електромереж (за одну годину роботи) (1 час роботи)', 0.00, 0.00, 88.10, 88.10, 88.10, 88.10, 'Нагляд за роботами в охоронної зони електромереж', '11', 'РЕМ', 'Електромонтер 4р.', 27.65, 1.00, 'А', 'АЕ 24-86ВА', 'АЕ 31-66АМ', 'АЕ 07-42ВА', 'АЕ 30-74НЕ', 'АЕ 70-39СІ', 'АЕ 42-75ЕХ', 'АЕ 07-45ВА', '041-34АЕ', '864-37АВ', NULL, NULL, 0),
(110, 'Розпломбування та опломбування приладу обліку (1 прилад обліку)', 0.00, 0.00, 66.49, 71.78, 73.53, 74.71, 'Роботи по заміні (встановленню) приладів обліку. ', '08', 'СЗОЕ, групи з обслуговування приладів обліку РЕМ', 'Інженер', 43.83, 0.42, 'А', 'АЕ 07-45ВА', '484-68АЕ', 'АЕ 59-97АО', 'АЕ 59-97АО', '484-68АЕ', 'АЕ 07-45ВА', 'АЕ 07-45ВА', 'АЕ 59-97АО', 'АЕ 59-97АО', 'АЕ 59-97АО', NULL, 0),
(111, 'Заміна дооблікового автоматичного вимикача напругою 220 В (1 прилад обліку)', 0.00, 0.00, 142.30, 149.73, 152.18, 153.83, 'Роботи по заміні (встановленню) приладів обліку. ', '08', 'СЗОЕ, групи з обслуговування приладів обліку РЕМ', 'Інженер', 43.83, 0.59, 'А', 'АЕ 07-45ВА', '484-68АЕ', 'АЕ 59-97АО', 'АЕ 59-97АО', '484-68АЕ', 'АЕ 07-45ВА', 'АЕ 07-45ВА', 'АЕ 59-97АО', 'АЕ 59-97АО', 'АЕ 59-97АО', NULL, 0),
(112, 'Заміна дооблікового автоматичного вимикача напругою 380 В (1 прилад обліку)', 0.00, 0.00, 153.48, 161.89, 164.69, 166.58, 'Роботи по заміні (встановленню) приладів обліку. ', '08', 'СЗОЕ, групи з обслуговування приладів обліку РЕМ', 'Інженер', 43.83, 0.67, 'А', 'АЕ 07-45ВА', '484-68АЕ', 'АЕ 59-97АО', 'АЕ 59-97АО', '484-68АЕ', 'АЕ 07-45ВА', 'АЕ 07-45ВА', 'АЕ 59-97АО', 'АЕ 59-97АО', 'АЕ 59-97АО', NULL, 0),
(113, 'Пошук і визначення місця пошкодження силових кабельних ліній з пропалюванням, довжина кабеля до 500 м (1 кабель)', 2794.15, 3068.23, 0.00, 3040.83, 3123.04, 3177.84, 'Послуги електротехнічної лабораторії (електротехнічні випробування та вимірювання)', '09', 'СДІЗП, електротехнічні групи РЕМ', 'Інженер', 42.04, 8.33, 'Л', 'АЕ 61-93АР', 'АЕ 61-93АР', 'АЕ 23-03ВМ', 'АЕ 23-03ВМ', 'АЕ 61-93АР', 'АЕ 61-93АР', 'АЕ 61-93АР', 'АЕ 73-22АЕ', 'АЕ 23-03ВМ', NULL, 'АЕ 23-03ВМ', 0),
(114, 'Пошук і визначення місця пошкодження силових кабельних ліній з пропалюванням, довжина кабеля до 500 м (1 кабель)', 0.00, 0.00, 0.00, 0.00, 0.00, 0.00, NULL, '', NULL, 'Електромонтер 6р.', 33.53, 8.33, 'Л', 'АЕ 61-93АР', 'АЕ 61-93АР', 'АЕ 23-03ВМ', 'АЕ 23-03ВМ', 'АЕ 61-93АР', 'АЕ 61-93АР', 'АЕ 61-93АР', 'АЕ 73-22АЕ', 'АЕ 23-03ВМ', NULL, 'АЕ 23-03ВМ', 0),
(115, 'Пошук і визначення місця пошкодження силових кабельних ліній з пропалюванням, довжина кабеля до 500 м (1 кабель)', 0.00, 0.00, 0.00, 0.00, 0.00, 0.00, NULL, '', NULL, 'Електромонтер 4р.', 27.65, 8.33, 'Л', 'АЕ 61-93АР', 'АЕ 61-93АР', 'АЕ 23-03ВМ', 'АЕ 23-03ВМ', 'АЕ 61-93АР', 'АЕ 61-93АР', 'АЕ 61-93АР', 'АЕ 73-22АЕ', 'АЕ 23-03ВМ', NULL, 'АЕ 23-03ВМ', 0),
(116, 'Пошук і визначення місця пошкодження силових кабельних ліній з пропалюванням, довжина кабеля до 1000 м (1 кабель)', 4438.50, 4877.00, 0.00, 4833.15, 4964.69, 5052.40, 'Послуги електротехнічної лабораторії (електротехнічні випробування та вимірювання)', '09', 'СДІЗП, електротехнічні групи РЕМ', 'Інженер', 42.04, 13.33, 'Л', 'АЕ 61-93АР', 'АЕ 61-93АР', 'АЕ 23-03ВМ', 'АЕ 23-03ВМ', 'АЕ 61-93АР', 'АЕ 61-93АР', 'АЕ 61-93АР', 'АЕ 73-22АЕ', 'АЕ 23-03ВМ', NULL, 'АЕ 23-03ВМ', 0),
(117, 'Пошук і визначення місця пошкодження силових кабельних ліній з пропалюванням, довжина кабеля до 1000 м (1 кабель)', 0.00, 0.00, 0.00, 0.00, 0.00, 0.00, NULL, '', NULL, 'Електромонтер 6р.', 33.53, 13.33, 'Л', 'АЕ 61-93АР', 'АЕ 61-93АР', 'АЕ 23-03ВМ', 'АЕ 23-03ВМ', 'АЕ 61-93АР', 'АЕ 61-93АР', 'АЕ 61-93АР', 'АЕ 73-22АЕ', 'АЕ 23-03ВМ', NULL, 'АЕ 23-03ВМ', 0),
(118, 'Пошук і визначення місця пошкодження силових кабельних ліній з пропалюванням, довжина кабеля до 1000 м (1 кабель)', 0.00, 0.00, 0.00, 0.00, 0.00, 0.00, NULL, '', NULL, 'Електромонтер 4р.', 27.65, 13.33, 'Л', 'АЕ 61-93АР', 'АЕ 61-93АР', 'АЕ 23-03ВМ', 'АЕ 23-03ВМ', 'АЕ 61-93АР', 'АЕ 61-93АР', 'АЕ 61-93АР', 'АЕ 73-22АЕ', 'АЕ 23-03ВМ', NULL, 'АЕ 23-03ВМ', 0),
(119, 'Пошук і визначення місця пошкодження силових кабельних ліній з пропалюванням, за кожні наступні 500 м (1 кабель)', 1644.34, 1808.78, 0.00, 1792.33, 1841.65, 1874.56, 'Послуги електротехнічної лабораторії (електротехнічні випробування та вимірювання)', '09', 'СДІЗП, електротехнічні групи РЕМ', 'Інженер', 42.04, 5.00, 'Л', 'АЕ 61-93АР', 'АЕ 61-93АР', 'АЕ 23-03ВМ', 'АЕ 23-03ВМ', 'АЕ 61-93АР', 'АЕ 61-93АР', 'АЕ 61-93АР', 'АЕ 73-22АЕ', 'АЕ 23-03ВМ', NULL, 'АЕ 23-03ВМ', 0),
(120, 'Пошук і визначення місця пошкодження силових кабельних ліній з пропалюванням, за кожні наступні 500 м (1 кабель)', 0.00, 0.00, 0.00, 0.00, 0.00, 0.00, NULL, '', NULL, 'Електромонтер 6р.', 33.53, 5.00, 'Л', 'АЕ 61-93АР', 'АЕ 61-93АР', 'АЕ 23-03ВМ', 'АЕ 23-03ВМ', 'АЕ 61-93АР', 'АЕ 61-93АР', 'АЕ 61-93АР', 'АЕ 73-22АЕ', 'АЕ 23-03ВМ', NULL, 'АЕ 23-03ВМ', 0),
(121, 'Пошук і визначення місця пошкодження силових кабельних ліній з пропалюванням, за кожні наступні 500 м (1 кабель)', 0.00, 0.00, 0.00, 0.00, 0.00, 0.00, NULL, '', NULL, 'Електромонтер 4р.', 27.65, 5.00, 'Л', 'АЕ 61-93АР', 'АЕ 61-93АР', 'АЕ 23-03ВМ', 'АЕ 23-03ВМ', 'АЕ 61-93АР', 'АЕ 61-93АР', 'АЕ 61-93АР', 'АЕ 73-22АЕ', 'АЕ 23-03ВМ', NULL, 'АЕ 23-03ВМ', 0),
(122, 'Випробування силового трифазного двохобмоткового трансформатора напругою 3-20 кВ (1 трансформатор)', 936.44, 1020.24, 0.00, 1011.86, 1037.03, 1053.79, 'Послуги електротехнічної лабораторії (електротехнічні випробування та вимірювання)', '09', 'СДІЗП, електротехнічні групи РЕМ', 'Електромонтер 6р.', 33.53, 4.15, 'Л', 'АЕ 61-93АР', 'АЕ 61-93АР', 'АЕ 23-03ВМ', 'АЕ 23-03ВМ', 'АЕ 61-93АР', 'АЕ 61-93АР', 'АЕ 61-93АР', 'АЕ 73-22АЕ', 'АЕ 23-03ВМ', NULL, 'АЕ 23-03ВМ', 0),
(123, 'Випробування силового трифазного двохобмоткового трансформатора напругою 3-20 кВ (1 трансформатор)', 0.00, 0.00, 0.00, 0.00, 0.00, 0.00, NULL, '', NULL, 'Електромонтер 4р.', 27.65, 4.15, 'Л', 'АЕ 61-93АР', 'АЕ 61-93АР', 'АЕ 23-03ВМ', 'АЕ 23-03ВМ', 'АЕ 61-93АР', 'АЕ 61-93АР', 'АЕ 61-93АР', 'АЕ 73-22АЕ', 'АЕ 23-03ВМ', NULL, 'АЕ 23-03ВМ', 0),
(124, 'Випробування силового трифазного двохобмоткового трансформатора напругою 35 кВ (1 трансформатор)', 1199.60, 1309.74, 0.00, 1298.74, 1331.75, 1353.81, 'Послуги електротехнічної лабораторії (електротехнічні випробування та вимірювання)', '09', 'СДІЗП, електротехнічні групи РЕМ', 'Електромонтер 6р.', 33.53, 5.40, 'Л', 'АЕ 61-93АР', 'АЕ 61-93АР', 'АЕ 23-03ВМ', 'АЕ 23-03ВМ', 'АЕ 61-93АР', 'АЕ 61-93АР', 'АЕ 61-93АР', 'АЕ 73-22АЕ', 'АЕ 23-03ВМ', NULL, 'АЕ 23-03ВМ', 0),
(125, 'Випробування силового трифазного двохобмоткового трансформатора напругою 35 кВ (1 трансформатор)', 0.00, 0.00, 0.00, 0.00, 0.00, 0.00, NULL, '', NULL, 'Електромонтер 4р.', 27.65, 5.40, 'Л', 'АЕ 61-93АР', 'АЕ 61-93АР', 'АЕ 23-03ВМ', 'АЕ 23-03ВМ', 'АЕ 61-93АР', 'АЕ 61-93АР', 'АЕ 61-93АР', 'АЕ 73-22АЕ', 'АЕ 23-03ВМ', NULL, 'АЕ 23-03ВМ', 0),
(126, 'Випробування збірних та з''єднувальних шин напругою до 11 кВ (1 випробування)', 0.00, 0.00, 1107.90, 1107.90, 1107.90, 1107.90, 'Послуги електротехнічної лабораторії (електротехнічні випробування та вимірювання)', '09', 'СДІЗП, електротехнічні групи РЕМ', 'Інженер', 42.04, 3.60, 'Л', 'АЕ 61-93АР', 'АЕ 61-93АР', 'АЕ 23-03ВМ', 'АЕ 23-03ВМ', 'АЕ 61-93АР', 'АЕ 61-93АР', 'АЕ 61-93АР', 'АЕ 73-22АЕ', 'АЕ 23-03ВМ', NULL, 'АЕ 23-03ВМ', 0),
(127, 'Випробування збірних та з''єднувальних шин напругою до 11 кВ (1 випробування)', 0.00, 0.00, 0.00, 0.00, 0.00, 0.00, NULL, '', NULL, 'Інженер', 42.04, 3.60, 'Л', 'АЕ 61-93АР', 'АЕ 61-93АР', 'АЕ 23-03ВМ', 'АЕ 23-03ВМ', 'АЕ 61-93АР', 'АЕ 61-93АР', 'АЕ 61-93АР', 'АЕ 73-22АЕ', 'АЕ 23-03ВМ', NULL, 'АЕ 23-03ВМ', 0),
(128, 'Випробування збірних та з''єднувальних шин напругою до 11 кВ (1 випробування)', 0.00, 0.00, 0.00, 0.00, 0.00, 0.00, NULL, '', NULL, 'Електромонтер 6р.', 33.53, 3.60, 'Л', 'АЕ 61-93АР', 'АЕ 61-93АР', 'АЕ 23-03ВМ', 'АЕ 23-03ВМ', 'АЕ 61-93АР', 'АЕ 61-93АР', 'АЕ 61-93АР', 'АЕ 73-22АЕ', 'АЕ 23-03ВМ', NULL, 'АЕ 23-03ВМ', 0),
(129, 'Випробування збірних та з''єднувальних шин напругою до 35 кВ (1 випробування)', 0.00, 0.00, 1354.10, 1354.10, 1354.10, 1354.10, 'Послуги електротехнічної лабораторії (електротехнічні випробування та вимірювання)', '09', 'СДІЗП, електротехнічні групи РЕМ', 'Інженер', 42.04, 4.40, 'Л', 'АЕ 61-93АР', 'АЕ 61-93АР', 'АЕ 23-03ВМ', 'АЕ 23-03ВМ', 'АЕ 61-93АР', 'АЕ 61-93АР', 'АЕ 61-93АР', 'АЕ 73-22АЕ', 'АЕ 23-03ВМ', NULL, 'АЕ 23-03ВМ', 0),
(130, 'Випробування збірних та з''єднувальних шин напругою до 35 кВ (1 випробування)', 0.00, 0.00, 0.00, 0.00, 0.00, 0.00, NULL, '', NULL, 'Інженер', 42.04, 4.40, 'Л', 'АЕ 61-93АР', 'АЕ 61-93АР', 'АЕ 23-03ВМ', 'АЕ 23-03ВМ', 'АЕ 61-93АР', 'АЕ 61-93АР', 'АЕ 61-93АР', 'АЕ 73-22АЕ', 'АЕ 23-03ВМ', NULL, 'АЕ 23-03ВМ', 0),
(131, 'Випробування збірних та з''єднувальних шин напругою до 35 кВ (1 випробування)', 0.00, 0.00, 0.00, 0.00, 0.00, 0.00, NULL, '', NULL, 'Електромонтер 6р.', 33.53, 4.40, 'Л', 'АЕ 61-93АР', 'АЕ 61-93АР', 'АЕ 23-03ВМ', 'АЕ 23-03ВМ', 'АЕ 61-93АР', 'АЕ 61-93АР', 'АЕ 61-93АР', 'АЕ 73-22АЕ', 'АЕ 23-03ВМ', NULL, 'АЕ 23-03ВМ', 0),
(132, 'Вимірювання опору ізоляції силових кабельних ліній на напругу до 1 кВ включно та випробування кабельної лінії підвищеною випрямленою напругою (1 кабель)', 248.09, 272.90, 0.00, 270.41, 277.88, 282.85, 'Послуги електротехнічної лабораторії (електротехнічні випробування та вимірювання)', '09', 'СДІЗП, електротехнічні групи РЕМ', 'Інженер', 42.04, 0.80, 'Л', 'АЕ 61-93АР', 'АЕ 61-93АР', 'АЕ 23-03ВМ', 'АЕ 23-03ВМ', 'АЕ 61-93АР', 'АЕ 61-93АР', 'АЕ 61-93АР', 'АЕ 73-22АЕ', 'АЕ 23-03ВМ', NULL, 'АЕ 23-03ВМ', 0),
(133, 'Вимірювання опору ізоляції силових кабельних ліній на напругу до 1 кВ включно та випробування кабельної лінії підвищеною випрямленою напругою (1 кабель)', 0.00, 0.00, 0.00, 0.00, 0.00, 0.00, NULL, '', NULL, 'Електромонтер 4р.', 27.65, 0.80, 'Л', 'АЕ 61-93АР', 'АЕ 61-93АР', 'АЕ 23-03ВМ', 'АЕ 23-03ВМ', 'АЕ 61-93АР', 'АЕ 61-93АР', 'АЕ 61-93АР', 'АЕ 73-22АЕ', 'АЕ 23-03ВМ', NULL, 'АЕ 23-03ВМ', 0),
(134, 'Вимірювання опору ізоляції силових кабельних ліній на напругу до 1 кВ включно та випробування кабельної лінії підвищеною випрямленою напругою (1 кабель)', 0.00, 0.00, 0.00, 0.00, 0.00, 0.00, NULL, '', NULL, 'Електромонтер 4р.', 27.65, 0.80, 'Л', 'АЕ 61-93АР', 'АЕ 61-93АР', 'АЕ 23-03ВМ', 'АЕ 23-03ВМ', 'АЕ 61-93АР', 'АЕ 61-93АР', 'АЕ 61-93АР', 'АЕ 73-22АЕ', 'АЕ 23-03ВМ', NULL, 'АЕ 23-03ВМ', 0),
(135, 'Вимірювання опору ізоляції силових кабельних ліній на напругу 6-20 кВ та випробування кабельної лінії підвищеною випрямленою напругою (1 кабель)', 299.80, 329.75, 0.00, 326.75, 335.74, 341.76, 'Послуги електротехнічної лабораторії (електротехнічні випробування та вимірювання)', '09', 'СДІЗП, електротехнічні групи РЕМ', 'Інженер', 42.04, 0.97, 'Л', 'АЕ 61-93АР', 'АЕ 61-93АР', 'АЕ 23-03ВМ', 'АЕ 23-03ВМ', 'АЕ 61-93АР', 'АЕ 61-93АР', 'АЕ 61-93АР', 'АЕ 73-22АЕ', 'АЕ 23-03ВМ', NULL, 'АЕ 23-03ВМ', 0),
(136, 'Вимірювання опору ізоляції силових кабельних ліній на напругу 6-20 кВ та випробування кабельної лінії підвищеною випрямленою напругою (1 кабель)', 0.00, 0.00, 0.00, 0.00, 0.00, 0.00, NULL, '', NULL, 'Електромонтер 4р.', 27.65, 0.97, 'Л', 'АЕ 61-93АР', 'АЕ 61-93АР', 'АЕ 23-03ВМ', 'АЕ 23-03ВМ', 'АЕ 61-93АР', 'АЕ 61-93АР', 'АЕ 61-93АР', 'АЕ 73-22АЕ', 'АЕ 23-03ВМ', NULL, 'АЕ 23-03ВМ', 0),
(137, 'Вимірювання опору ізоляції силових кабельних ліній на напругу 6-20 кВ та випробування кабельної лінії підвищеною випрямленою напругою (1 кабель)', 0.00, 0.00, 0.00, 0.00, 0.00, 0.00, NULL, '', NULL, 'Електромонтер 4р.', 27.65, 0.97, 'Л', 'АЕ 61-93АР', 'АЕ 61-93АР', 'АЕ 23-03ВМ', 'АЕ 23-03ВМ', 'АЕ 61-93АР', 'АЕ 61-93АР', 'АЕ 61-93АР', 'АЕ 73-22АЕ', 'АЕ 23-03ВМ', NULL, 'АЕ 23-03ВМ', 0),
(138, 'Вимір напруги та навантаження електричної енергії (1 вимір)', 0.00, 0.00, 65.50, 71.40, 73.39, 74.69, 'Послуги електротехнічної лабораторії (електротехнічні випробування та вимірювання)', '09', 'РЕМ, СДІЗП, електротехнічні групи РЕМ', 'Електромонтер 5 р.', 31.74, 0.37, 'А', 'АЕ 24-86ВА', 'АЕ 31-66АМ', 'АЕ 07-42ВА', 'АЕ 30-74НЕ', 'АЕ 70-39СІ', 'АЕ 42-75ЕХ', 'АЕ 07-45ВА', '041-34АЕ', '864-37АВ', NULL, NULL, 0),
(139, 'Вимір напруги та навантаження електричної енергії (1 вимір)', 0.00, 0.00, 0.00, 0.00, 0.00, 0.00, NULL, '', NULL, 'Електромонтер 3 р.', 24.60, 0.37, 'А', 'АЕ 24-86ВА', 'АЕ 31-66АМ', 'АЕ 07-42ВА', 'АЕ 30-74НЕ', 'АЕ 70-39СІ', 'АЕ 42-75ЕХ', 'АЕ 07-45ВА', '041-34АЕ', '864-37АВ', NULL, NULL, 0),
(140, 'Знімання однофазного електролічильника (1 лічильник)', 0.00, 0.00, 99.00, 102.88, 104.16, 105.01, 'Роботи по заміні (встановленню) приладів обліку. ', '08', 'СЗОЕ, групи з обслуговування приладів обліку РЕМ', 'Електромонтер 3р.', 24.60, 0.55, 'А', 'АЕ 07-45ВА', '484-68АЕ', 'АЕ 59-97АО', 'АЕ 59-97АО', '484-68АЕ', 'АЕ 07-45ВА', 'АЕ 07-45ВА', 'АЕ 59-97АО', 'АЕ 59-97АО', 'АЕ 59-97АО', NULL, 0),
(141, 'Встановлення однофазного електролічильника згідно з поодиноким нарядом (1 лічильник)', 0.00, 0.00, 98.71, 102.18, 103.33, 104.09, 'Роботи по заміні (встановленню) приладів обліку. ', '08', 'СЗОЕ, групи з обслуговування приладів обліку РЕМ', 'Електромонтер 3р.', 24.60, 0.49, 'А', 'АЕ 07-45ВА', '484-68АЕ', 'АЕ 59-97АО', 'АЕ 59-97АО', '484-68АЕ', 'АЕ 07-45ВА', 'АЕ 07-45ВА', 'АЕ 59-97АО', 'АЕ 59-97АО', 'АЕ 59-97АО', NULL, 0),
(142, 'Заміна однофазного електролічильника за дефектами і згідно з поодиноким нарядом (1 лічильник)', 0.00, 0.00, 106.54, 110.73, 112.09, 113.01, 'Роботи по заміні (встановленню) приладів обліку. ', '08', 'СЗОЕ, групи з обслуговування приладів обліку РЕМ', 'Електромонтер 3р.', 24.60, 0.59, 'А', 'АЕ 07-45ВА', '484-68АЕ', 'АЕ 59-97АО', 'АЕ 59-97АО', '484-68АЕ', 'АЕ 07-45ВА', 'АЕ 07-45ВА', 'АЕ 59-97АО', 'АЕ 59-97АО', 'АЕ 59-97АО', NULL, 0),
(143, 'Заміна однофазного електролічильника за дефектами і згідно з поодиноким нарядом (сільська місцевість) (1 лічильник)', 0.00, 0.00, 132.43, 138.93, 141.05, 142.51, 'Роботи по заміні (встановленню) приладів обліку. ', '08', 'СЗОЕ, групи з обслуговування приладів обліку РЕМ', 'Електромонтер 3р.', 24.60, 0.92, 'А', 'АЕ 07-45ВА', '484-68АЕ', 'АЕ 59-97АО', 'АЕ 59-97АО', '484-68АЕ', 'АЕ 07-45ВА', 'АЕ 07-45ВА', 'АЕ 59-97АО', 'АЕ 59-97АО', 'АЕ 59-97АО', NULL, 0),
(144, 'Заміна та технічна перевірка однофазного електролічильника та дооблікових електричних мереж в індивідуальній забудові (лічильник у квартирі, будинку) (1 лічильник)', 0.00, 0.00, 210.13, 223.60, 228.10, 231.10, 'Роботи по заміні (встановленню) приладів обліку. ', '08', 'СЗОЕ, групи з обслуговування приладів обліку РЕМ', 'Електромонтер 4р.', 27.65, 0.90, 'А', 'АЕ 07-45ВА', '484-68АЕ', 'АЕ 59-97АО', 'АЕ 59-97АО', '484-68АЕ', 'АЕ 07-45ВА', 'АЕ 07-45ВА', 'АЕ 59-97АО', 'АЕ 59-97АО', 'АЕ 59-97АО', NULL, 0),
(145, 'Заміна та технічна перевірка однофазного електролічильника та дооблікових електричних мереж в індивідуальній забудові (лічильник у квартирі, будинку) (1 лічильник)', 0.00, 0.00, 0.00, 0.00, 0.00, 0.00, NULL, '', NULL, 'Електромонтер 3р.', 24.60, 0.90, 'А', 'АЕ 07-45ВА', '484-68АЕ', 'АЕ 59-97АО', 'АЕ 59-97АО', '484-68АЕ', 'АЕ 07-45ВА', 'АЕ 07-45ВА', 'АЕ 59-97АО', 'АЕ 59-97АО', 'АЕ 59-97АО', NULL, 0),
(146, 'Заміна та технічна перевірка однофазного електролічильника та дооблікових електричних мереж в індивідуальній забудові при винесенні приладу обліку на фасад будинку в шафі двожильним СІП (1 лічильник)', 0.00, 0.00, 264.34, 282.70, 288.84, 292.91, 'Роботи по заміні (встановленню) приладів обліку. ', '08', 'СЗОЕ, групи з обслуговування приладів обліку РЕМ', 'Електромонтер 4р.', 27.65, 0.83, 'А', 'АЕ 07-45ВА', '484-68АЕ', 'АЕ 59-97АО', 'АЕ 59-97АО', '484-68АЕ', 'АЕ 07-45ВА', 'АЕ 07-45ВА', 'АЕ 59-97АО', 'АЕ 59-97АО', 'АЕ 59-97АО', NULL, 0),
(147, 'Заміна та технічна перевірка однофазного електролічильника та дооблікових електричних мереж в індивідуальній забудові при винесенні приладу обліку на фасад будинку в шафі двожильним СІП (1 лічильник)', 0.00, 0.00, 264.34, 282.70, 288.84, 292.91, 'Роботи по заміні (встановленню) приладів обліку. ', '08', 'СЗОЕ, групи з обслуговування приладів обліку РЕМ', 'Електромонтер 3р.', 24.60, 0.83, 'А', 'АЕ 07-45ВА', '484-68АЕ', 'АЕ 59-97АО', 'АЕ 59-97АО', '484-68АЕ', 'АЕ 07-45ВА', 'АЕ 07-45ВА', 'АЕ 59-97АО', 'АЕ 59-97АО', 'АЕ 59-97АО', NULL, 0),
(148, 'Заміна та технічна перевірка однофазного електролічильника та дооблікових електричних мереж в індивідуальній забудові при винесенні приладу обліку на фасад будинку в шафі двожильним СІП (1 лічильник)', 0.00, 0.00, 264.34, 282.70, 288.84, 292.91, 'Роботи по заміні (встановленню) приладів обліку. ', '08', 'СЗОЕ, групи з обслуговування приладів обліку РЕМ', 'Електромонтер 3р.', 24.60, 0.83, 'А', 'АЕ 07-45ВА', '484-68АЕ', 'АЕ 59-97АО', 'АЕ 59-97АО', '484-68АЕ', 'АЕ 07-45ВА', 'АЕ 07-45ВА', 'АЕ 59-97АО', 'АЕ 59-97АО', 'АЕ 59-97АО', NULL, 0),
(149, 'Перевірка, пломбування і оформлення встановленого однофазного електролічильника в абонента в новому житловому будинку (1 лічильник)', 0.00, 0.00, 71.28, 72.25, 72.61, 72.83, 'Роботи по заміні (встановленню) приладів обліку. ', '08', 'СЗОЕ, групи з обслуговування приладів обліку РЕМ', 'Електромонтер 3р.', 24.60, 0.14, 'А', 'АЕ 07-45ВА', '484-68АЕ', 'АЕ 59-97АО', 'АЕ 59-97АО', '484-68АЕ', 'АЕ 07-45ВА', 'АЕ 07-45ВА', 'АЕ 59-97АО', 'АЕ 59-97АО', 'АЕ 59-97АО', NULL, 0),
(150, 'Перевірка, пломбування і оформлення встановленого однофазного електролічильника в абонента в новому житловому будинку згідно з поодиноким нарядом (сільська місцевість) (1 лічильник)', 0.00, 0.00, 98.71, 102.18, 103.33, 104.09, 'Роботи по заміні (встановленню) приладів обліку. ', '08', 'СЗОЕ, групи з обслуговування приладів обліку РЕМ', 'Електромонтер 3р.', 24.60, 0.49, 'А', 'АЕ 07-45ВА', '484-68АЕ', 'АЕ 59-97АО', 'АЕ 59-97АО', '484-68АЕ', 'АЕ 07-45ВА', 'АЕ 07-45ВА', 'АЕ 59-97АО', 'АЕ 59-97АО', 'АЕ 59-97АО', NULL, 0),
(151, 'Аналіз трансформаторного масла з визначенням вмісту вологи під час випробувань електрообладнання (1 проба)', 351.54, 379.04, 0.00, 376.29, 384.55, 390.03, 'Послуги електротехнічної лабораторії (електротехнічні випробування та вимірювання)', '09', 'СДІЗП, електротехнічні групи РЕМ', 'Провідний інженер (хімічні технології)', 44.98, 1.25, 'Л', 'АЕ 61-93АР', 'АЕ 61-93АР', 'АЕ 23-03ВМ', 'АЕ 23-03ВМ', 'АЕ 61-93АР', 'АЕ 61-93АР', 'АЕ 61-93АР', 'АЕ 73-22АЕ', 'АЕ 23-03ВМ', NULL, 'АЕ 23-03ВМ', 0),
(152, 'Аналіз трансформаторного масла з визначенням вмісту вологи під час випробувань електрообладнання (1 проба)', 351.54, 379.04, 0.00, 376.29, 384.55, 390.03, 'Послуги електротехнічної лабораторії (електротехнічні випробування та вимірювання)', '09', 'СДІЗП, електротехнічні групи РЕМ', 'Технік-лаборант', 24.09, 1.25, 'Л', 'АЕ 61-93АР', 'АЕ 61-93АР', 'АЕ 23-03ВМ', 'АЕ 23-03ВМ', 'АЕ 61-93АР', 'АЕ 61-93АР', 'АЕ 61-93АР', 'АЕ 73-22АЕ', 'АЕ 23-03ВМ', NULL, 'АЕ 23-03ВМ', 0),
(153, 'Випробування ізолюючої штанги підвищеною напругою до 35 кВ включно (1 засіб захисту)', 105.66, 109.09, 0.00, 108.75, 109.76, 110.48, 'Послуги електротехнічної лабораторії (електротехнічні випробування та вимірювання)', '09', 'СДІЗП, електротехнічні групи РЕМ', 'Електромонтер 4 р.', 27.65, 0.40, 'Л', 'АЕ 61-93АР', 'АЕ 61-93АР', 'АЕ 23-03ВМ', 'АЕ 23-03ВМ', 'АЕ 61-93АР', 'АЕ 61-93АР', 'АЕ 61-93АР', 'АЕ 73-22АЕ', 'АЕ 23-03ВМ', NULL, 'АЕ 23-03ВМ', 0),
(154, 'Випробування вказівника напруги підвищеною напругою до 1000 В включно (1 засіб захисту)', 97.13, 99.66, 0.00, 99.40, 100.21, 100.71, 'Послуги електротехнічної лабораторії (електротехнічні випробування та вимірювання)', '09', 'СДІЗП, електротехнічні групи РЕМ', 'Електромонтер 4 р.', 27.65, 0.30, 'Л', 'АЕ 61-93АР', 'АЕ 61-93АР', 'АЕ 23-03ВМ', 'АЕ 23-03ВМ', 'АЕ 61-93АР', 'АЕ 61-93АР', 'АЕ 61-93АР', 'АЕ 73-22АЕ', 'АЕ 23-03ВМ', NULL, 'АЕ 23-03ВМ', 0),
(155, 'Випробування вказівника напруги підвищеною напругою від 6 до 110 кВ (1 засіб захисту)', 122.80, 127.93, 0.00, 127.43, 128.94, 129.96, 'Послуги електротехнічної лабораторії (електротехнічні випробування та вимірювання)', '09', 'СДІЗП, електротехнічні групи РЕМ', 'Електромонтер 4 р.', 27.65, 0.60, 'Л', 'АЕ 61-93АР', 'АЕ 61-93АР', 'АЕ 23-03ВМ', 'АЕ 23-03ВМ', 'АЕ 61-93АР', 'АЕ 61-93АР', 'АЕ 61-93АР', 'АЕ 73-22АЕ', 'АЕ 23-03ВМ', NULL, 'АЕ 23-03ВМ', 0),
(156, 'Випробування електровимірювальних кліщів підвищеною напругою до 1000 В включно (1 засіб захисту)', 97.13, 99.66, 0.00, 99.40, 100.21, 100.71, 'Послуги електротехнічної лабораторії (електротехнічні випробування та вимірювання)', '09', 'СДІЗП, електротехнічні групи РЕМ', 'Електромонтер 4 р.', 27.65, 0.30, 'Л', 'АЕ 61-93АР', 'АЕ 61-93АР', 'АЕ 23-03ВМ', 'АЕ 23-03ВМ', 'АЕ 61-93АР', 'АЕ 61-93АР', 'АЕ 61-93АР', 'АЕ 73-22АЕ', 'АЕ 23-03ВМ', NULL, 'АЕ 23-03ВМ', 0),
(157, 'Випробування діелектричних гумових рукавиць, ботів, калош підвищеною напругою (1 засіб захисту (1 пара))', 97.13, 99.66, 0.00, 99.40, 100.21, 100.71, 'Послуги електротехнічної лабораторії (електротехнічні випробування та вимірювання)', '09', 'СДІЗП, електротехнічні групи РЕМ', 'Електромонтер 4 р.', 27.65, 0.30, 'Л', 'АЕ 61-93АР', 'АЕ 61-93АР', 'АЕ 23-03ВМ', 'АЕ 23-03ВМ', 'АЕ 61-93АР', 'АЕ 61-93АР', 'АЕ 61-93АР', 'АЕ 73-22АЕ', 'АЕ 23-03ВМ', NULL, 'АЕ 23-03ВМ', 0);
INSERT INTO `costwork` (`id`, `work`, `cast_1`, `cast_2`, `cast_3`, `cast_4`, `cast_5`, `cast_6`, `usluga`, `kod_uslug`, `exec`, `brig`, `stavka_grn`, `time_transp`, `type_transp`, `T_Ap`, `T_Vg`, `T_Gv`, `T_Dn`, `T_Yv`, `T_Ing`, `T_Krr`, `T_Pvg`, `T_Zp`, `Szoe`, `Sdizp`, `hide`) VALUES
(158, 'Встановлення фасадної шафи обліку (напруга 220 В) (1 шафа обліку)', 0.00, 0.00, 1277.69, 1346.49, 1369.39, 1384.69, 'Роботи по заміні (встановленню) приладів обліку. ', '08', 'РЕМ', 'Електромонтер 4р.', 27.65, 6.79, 'А', 'АЕ 24-86ВА', 'АЕ 31-66АМ', 'АЕ 07-42ВА', 'АЕ 30-74НЕ', 'АЕ 70-39СІ', 'АЕ 42-75ЕХ', 'АЕ 07-45ВА', '041-34АЕ', '864-37АВ', NULL, NULL, 0),
(159, 'Встановлення фасадної шафи обліку (напруга 220 В) (1 шафа обліку)', 0.00, 0.00, 0.00, 0.00, 0.00, 0.00, 'Роботи по заміні (встановленню) приладів обліку. ', '08', 'РЕМ', 'Електромонтер 3р.', 24.60, 7.79, 'А', 'АЕ 24-86ВА', 'АЕ 31-66АМ', 'АЕ 07-42ВА', 'АЕ 30-74НЕ', 'АЕ 70-39СІ', 'АЕ 42-75ЕХ', 'АЕ 07-45ВА', '042-34АЕ', '864-37АВ', NULL, NULL, 0),
(160, 'Встановлення фасадної шафи обліку (напруга 220 В) (1 шафа обліку)', 0.00, 0.00, 0.00, 0.00, 0.00, 0.00, 'Роботи по заміні (встановленню) приладів обліку. ', '08', 'РЕМ', 'Провідний інженер', 48.43, 8.79, 'А', 'АЕ 24-86ВА', 'АЕ 31-66АМ', 'АЕ 07-42ВА', 'АЕ 30-74НЕ', 'АЕ 70-39СІ', 'АЕ 42-75ЕХ', 'АЕ 07-45ВА', '043-34АЕ', '864-37АВ', NULL, NULL, 0),
(161, 'Встановлення фасадної шафи обліку (напруга 220 В) (1 шафа обліку)', 0.00, 0.00, 0.00, 0.00, 0.00, 0.00, 'Роботи по заміні (встановленню) приладів обліку. ', '08', 'РЕМ', 'Інженер', 43.83, 9.79, 'А', 'АЕ 24-86ВА', 'АЕ 31-66АМ', 'АЕ 07-42ВА', 'АЕ 30-74НЕ', 'АЕ 70-39СІ', 'АЕ 42-75ЕХ', 'АЕ 07-45ВА', '044-34АЕ', '864-37АВ', NULL, NULL, 0),
(162, 'Встановлення фасадної шафи обліку (напруга 380 В) (1 шафа обліку)', 0.00, 0.00, 1439.65, 1523.04, 1550.83, 1748.34, 'Роботи по заміні (встановленню) приладів обліку. ', '08', 'РЕМ', 'Електромонтер 4р.', 27.65, 8.13, 'А', 'АЕ 24-86ВА', 'АЕ 31-66АМ', 'АЕ 07-42ВА', 'АЕ 30-74НЕ', 'АЕ 70-39СІ', 'АЕ 42-75ЕХ', 'АЕ 07-45ВА', '041-34Ае', '864-37АВ', NULL, NULL, 0),
(163, 'Встановлення фасадної шафи обліку (напруга 380 В) (1 шафа обліку)', 0.00, 0.00, 0.00, 0.00, 0.00, 0.00, 'Роботи по заміні (встановленню) приладів обліку. ', '08', 'РЕМ', 'Електромонтер 3р.', 24.60, 9.13, 'А', 'АЕ 24-86ВА', 'АЕ 31-66АМ', 'АЕ 07-42ВА', 'АЕ 30-74НЕ', 'АЕ 70-39СІ', 'АЕ 42-75ЕХ', 'АЕ 07-45ВА', '042-34Ае', '864-37АВ', NULL, NULL, 0),
(164, 'Встановлення фасадної шафи обліку (напруга 380 В) (1 шафа обліку)', 0.00, 0.00, 0.00, 0.00, 0.00, 0.00, 'Роботи по заміні (встановленню) приладів обліку. ', '08', 'РЕМ', 'Провідний інженер', 48.43, 10.13, 'А', 'АЕ 24-86ВА', 'АЕ 31-66АМ', 'АЕ 07-42ВА', 'АЕ 30-74НЕ', 'АЕ 70-39СІ', 'АЕ 42-75ЕХ', 'АЕ 07-45ВА', '043-34Ае', '864-37АВ', NULL, NULL, 0),
(165, 'Встановлення фасадної шафи обліку (напруга 380 В) (1 шафа обліку)', 0.00, 0.00, 0.00, 0.00, 0.00, 0.00, 'Роботи по заміні (встановленню) приладів обліку. ', '08', 'РЕМ', 'Інженер', 43.83, 11.13, 'А', 'АЕ 24-86ВА', 'АЕ 31-66АМ', 'АЕ 07-42ВА', 'АЕ 30-74НЕ', 'АЕ 70-39СІ', 'АЕ 42-75ЕХ', 'АЕ 07-45ВА', '044-34Ае', '864-37АВ', NULL, NULL, 0),
(166, 'МАЗ-555102 самоскид,V=8куб,10 тон', 0.00, 0.00, 0.00, 0.00, 0.00, 0.00, 'Транспортні послуги', '12', NULL, NULL, NULL, NULL, NULL, NULL, NULL, NULL, 'АЕ 06-25СК', NULL, NULL, NULL, NULL, NULL, NULL, NULL, 0),
(167, 'МАЗ-543205, довгомір,кузов 13.5м, 20 тон', 0.00, 0.00, 0.00, 0.00, 0.00, 0.00, 'Транспортні послуги', '12', NULL, NULL, NULL, NULL, NULL, NULL, NULL, NULL, 'АЕ 10-64ВН', NULL, NULL, NULL, NULL, NULL, NULL, NULL, 0),
(168, 'МАЗ КС-45729 кран, 16 тон', 0.00, 0.00, 0.00, 0.00, 0.00, 0.00, 'Транспортні послуги', '12', NULL, NULL, NULL, NULL, NULL, NULL, NULL, NULL, 'АЕ 04-17АХ', NULL, NULL, NULL, NULL, NULL, NULL, NULL, 0),
(169, 'ГАЗ-3309 АР-18 автовишка, висота 18м', 0.00, 0.00, 0.00, 0.00, 0.00, 0.00, 'Транспортні послуги', '12', NULL, NULL, NULL, NULL, NULL, NULL, NULL, NULL, 'АЕ 93-22ЕТ', NULL, NULL, NULL, NULL, NULL, NULL, NULL, 0),
(170, 'Трактор Т-150-БКУ(бурова кранова установка)', 0.00, 0.00, 0.00, 0.00, 0.00, 0.00, 'Транспортні послуги', '12', NULL, NULL, NULL, NULL, NULL, NULL, NULL, NULL, 'т 059-59АЕ', NULL, NULL, NULL, NULL, NULL, NULL, NULL, 0),
(171, 'Екскаватор ЮМЗ-6, ЕО-2101 Борекс', 0.00, 0.00, 0.00, 0.00, 0.00, 0.00, 'Транспортні послуги', '12', NULL, NULL, NULL, NULL, NULL, NULL, NULL, NULL, 'т 019-41 АЕ', NULL, NULL, NULL, NULL, NULL, NULL, NULL, 0),
(172, 'Зверніться до виробничого підрозділу або колцентру', 0.00, 0.00, 0.00, 0.00, 0.00, 0.00, 'Ремонт електрообладнання', '13', NULL, NULL, NULL, NULL, NULL, NULL, NULL, NULL, NULL, NULL, NULL, NULL, NULL, '864-37АВ', NULL, NULL, 0),
(173, 'ГАЗ 33021-212', 0.00, 0.00, 0.00, 0.00, 0.00, 0.00, 'Транспортні послуги', '12', NULL, NULL, NULL, NULL, NULL, NULL, NULL, NULL, NULL, NULL, 'АЕ 28-21АЕ', NULL, NULL, NULL, NULL, NULL, 0),
(174, 'ГАЗ 3309 автогідропідіймач  АП-18', 0.00, 0.00, 0.00, 0.00, 0.00, 0.00, 'Транспортні послуги', '12', NULL, NULL, NULL, NULL, NULL, NULL, NULL, NULL, NULL, NULL, 'АЕ 30-68НЕ', NULL, NULL, NULL, NULL, NULL, 0),
(175, 'ГАЗ 33023', 0.00, 0.00, 0.00, 0.00, 0.00, 0.00, 'Транспортні послуги', '12', NULL, NULL, NULL, NULL, NULL, NULL, NULL, NULL, NULL, NULL, NULL, NULL, 'АЕ 96-35ВТ', NULL, NULL, NULL, 0),
(176, 'ГАЗ САЗ-3507', 0.00, 0.00, 0.00, 0.00, 0.00, 0.00, 'Транспортні послуги', '12', NULL, NULL, NULL, NULL, NULL, NULL, NULL, NULL, NULL, NULL, NULL, NULL, 'АЕ 26-51АВ', NULL, NULL, NULL, 0),
(177, 'Екскаватор Борекс ', 0.00, 0.00, 0.00, 0.00, 0.00, 0.00, 'Транспортні послуги', '12', NULL, NULL, NULL, NULL, NULL, NULL, NULL, NULL, NULL, NULL, NULL, NULL, 'т 059-66 АЕ', NULL, NULL, NULL, 0),
(178, 'ГАЗ 33023-212', 0.00, 0.00, 0.00, 0.00, 0.00, 0.00, 'Транспортні послуги', '12', NULL, NULL, NULL, NULL, NULL, NULL, NULL, NULL, NULL, NULL, NULL, 'АЕ 07-48ВА', NULL, NULL, NULL, NULL, 0),
(179, 'ГАЗ 3307 автогідропідіймач АП-17', 0.00, 0.00, 0.00, 0.00, 0.00, 0.00, 'Транспортні послуги', '12', NULL, NULL, NULL, NULL, NULL, NULL, NULL, NULL, NULL, NULL, NULL, NULL, 'АЕ 36-34ВВ', NULL, NULL, NULL, 0),
(180, 'ГАЗ 3309 автогідропідіймач  АП-18', 0.00, 0.00, 0.00, 0.00, 0.00, 0.00, 'Транспортні послуги', '12', NULL, NULL, NULL, NULL, NULL, NULL, NULL, NULL, NULL, NULL, NULL, 'АЕ 78-56СН', NULL, NULL, NULL, NULL, 0),
(181, 'ГАЗ 3309 автогідропідіймач  АП-18', 0.00, 0.00, 0.00, 0.00, 0.00, 0.00, 'Транспортні послуги', '12', NULL, NULL, NULL, NULL, NULL, NULL, NULL, 'АЕ 78-57СН', NULL, NULL, NULL, NULL, NULL, NULL, NULL, NULL, 0),
(182, 'ГАЗ 5312 автогідропідіймач АП-17А', 0.00, 0.00, 0.00, 0.00, 0.00, 0.00, 'Транспортні послуги', '12', NULL, NULL, NULL, NULL, NULL, 'АЕ 78-08АК', NULL, NULL, NULL, NULL, NULL, NULL, NULL, NULL, NULL, NULL, 0),
(183, 'УАЗ 3909 Фермер', 0.00, 0.00, 0.00, 0.00, 0.00, 0.00, 'Транспортні послуги', '12', NULL, NULL, NULL, NULL, NULL, 'АЕ 24-86ВА', NULL, NULL, NULL, NULL, NULL, NULL, NULL, NULL, NULL, NULL, 0),
(184, 'Трактор ЭО-2621 ЮМЗ-6АКЛ', 0.00, 0.00, 0.00, 0.00, 0.00, 0.00, 'Транспортні послуги', '12', NULL, NULL, NULL, NULL, NULL, NULL, NULL, NULL, NULL, NULL, 'т 059-65 АЕ', NULL, NULL, NULL, NULL, NULL, 0),
(185, 'Трактор МТЗ-80 БМ-205', 0.00, 0.00, 0.00, 0.00, 0.00, 0.00, 'Транспортні послуги', '12', NULL, NULL, NULL, NULL, NULL, NULL, NULL, NULL, NULL, 'т 059-63АЕ', NULL, NULL, NULL, NULL, NULL, NULL, 0),
(186, 'Трактор Т-40АМ', 0.00, 0.00, 0.00, 0.00, 0.00, 0.00, 'Транспортні послуги', '12', NULL, NULL, NULL, NULL, NULL, NULL, NULL, NULL, NULL, 'т 059-62 АЕ', NULL, NULL, NULL, NULL, NULL, NULL, 0),
(187, 'Трактор  ЮМЗ-6КЛ ЭО 2621', 0.00, 0.00, 0.00, 0.00, 0.00, 0.00, 'Транспортні послуги', '12', NULL, NULL, NULL, NULL, NULL, NULL, 'т 019-39АЕ', NULL, NULL, NULL, NULL, NULL, NULL, NULL, NULL, NULL, 0),
(188, 'Трактор  ЮМЗ-6КМ', 0.00, 0.00, 0.00, 0.00, 0.00, 0.00, 'Транспортні послуги', '12', NULL, NULL, NULL, NULL, NULL, NULL, 'т 059-61 АЕ', NULL, NULL, NULL, NULL, NULL, NULL, NULL, NULL, NULL, 0),
(189, 'ГАЗ 3309 автогідропідіймач  АП-18', 0.00, 0.00, 0.00, 0.00, 0.00, 0.00, 'Транспортні послуги', '12', NULL, NULL, NULL, NULL, NULL, NULL, 'АЕ 53-80НМ', NULL, NULL, NULL, NULL, NULL, NULL, NULL, NULL, NULL, 0),
(190, 'Екскаватор ЭО-2102', 0.00, 0.00, 0.00, 0.00, 0.00, 0.00, 'Транспортні послуги', '12', NULL, NULL, NULL, NULL, NULL, NULL, NULL, NULL, NULL, 'т 019-40 АЕ', NULL, NULL, NULL, NULL, NULL, NULL, 0),
(191, 'ГАЗ 3307 автогідропідіймач АП-17', 0.00, 0.00, 0.00, 0.00, 0.00, 0.00, 'Транспортні послуги', '12', NULL, NULL, NULL, NULL, NULL, NULL, NULL, NULL, NULL, 'АЕ 36-35ВВ', NULL, NULL, NULL, NULL, NULL, NULL, 0),
(192, 'ВАЗ 21093', 0.00, 0.00, 0.00, 0.00, 0.00, 0.00, 'Транспортні послуги', '12', NULL, NULL, NULL, NULL, NULL, NULL, NULL, NULL, NULL, NULL, NULL, NULL, NULL, '864-37АВ', NULL, NULL, 0);

-- --------------------------------------------------------

--
-- Table structure for table `ed`
--

CREATE TABLE IF NOT EXISTS `ed` (
  `ID` int(10) NOT NULL,
  `work` varchar(255) DEFAULT NULL,
  `izmer` varchar(255) DEFAULT NULL,
  PRIMARY KEY (`ID`)
) ENGINE=InnoDB DEFAULT CHARSET=utf8;

--
-- Dumping data for table `ed`
--

INSERT INTO `ed` (`ID`, `work`, `izmer`) VALUES
(1, 'Назва роботи', 'Вимірник'),
(2, 'Оформлення дозволу на виконання робіт в охоронній зоні електричних мереж (КЛ 0,4-10 кВ)', '1 дозвіл'),
(3, 'Оформлення дозволу на виконання робіт в охоронній зоні електричних мереж (КЛ 0,4-10 кВ)', '1 дозвіл'),
(4, 'Оформлення дозволу на виконання робіт в охоронній зоні електричних мереж (КЛ 0,4-10 кВ)', '1 дозвіл'),
(5, 'Первинне або повторне підключення електроустановки споживача до електричної мережі при однофазному вводі (підключення відгалужень від опори 0,4 кВ до ізоляторів та однофазних вводів в будівлю) із застосуванням автовишки', '1 ввід'),
(6, 'Первинне або повторне підключення електроустановки споживача до електричної мережі при однофазному вводі (підключення відгалужень від опори 0,4 кВ до ізоляторів та однофазних вводів в будівлю) із застосуванням автовишки', '1 ввід'),
(7, 'Первинне або повторне підключення електроустановки споживача до електричної мережі при однофазному вводі (підключення відгалужень від опори 0,4 кВ до ізоляторів та однофазних вводів в будівлю) із застосуванням лазів', '1 ввід'),
(8, 'Первинне або повторне підключення електроустановки споживача до електричної мережі при однофазному вводі (підключення відгалужень від опори 0,4 кВ до ізоляторів та однофазних вводів в будівлю) із застосуванням лазів', '1 ввід'),
(9, 'Первинне або повторне підключення електроустановки споживача до електричної мережі при трифазному вводі із застосуванням автовишки', '1 ввід'),
(10, 'Первинне або повторне підключення електроустановки споживача до електричної мережі при трифазному вводі із застосуванням автовишки', '1 ввід'),
(11, 'Первинне або повторне підключення електроустановки споживача до електричної мережі при трифазному вводі із застосуванням лазів', '1 ввід'),
(12, 'Первинне або повторне підключення електроустановки споживача до електричної мережі при трифазному вводі із застосуванням лазів', '1 ввід'),
(13, 'Відключення електроустановки споживача від електричної мережі при однофазному вводі (відключення відгалужень від опори 0,4 кВ до ізоляторів та однофазних вводів в будівлю) із застосуванням автовишки', '1 ввід'),
(14, 'Відключення електроустановки споживача від електричної мережі при однофазному вводі (відключення відгалужень від опори 0,4 кВ до ізоляторів та однофазних вводів в будівлю) із застосуванням автовишки', '1 ввід'),
(15, 'Відключення електроустановки споживача від електричної мережі при однофазному вводі (відключення відгалужень від опори 0,4 кВ до ізоляторів та однофазних вводів в будівлю) із застосуванням лазів', '1 ввід'),
(16, 'Відключення електроустановки споживача від електричної мережі при однофазному вводі (відключення відгалужень від опори 0,4 кВ до ізоляторів та однофазних вводів в будівлю) із застосуванням лазів', '1 ввід'),
(17, 'Відключення електроустановки споживача від електричної мережі при трифазному вводі із застосуванням автовишки', '1 ввід'),
(18, 'Відключення електроустановки споживача від електричної мережі при трифазному вводі із застосуванням автовишки', '1 ввід'),
(19, 'Відключення електроустановки споживача від електричної мережі при трифазному вводі із застосуванням лазів', '1 ввід'),
(20, 'Відключення електроустановки споживача від електричної мережі при трифазному вводі із застосуванням лазів', '1 ввід'),
(21, 'Підключення споживача (електроустановки) до електромережі ПЛ напругою 0,4 кВ (рубильником, автоматом)', '1 споживач (електроустановка)'),
(22, 'Підключення споживача (електроустановки) до електромережі ПЛ напругою 0,4 кВ (рубильником, автоматом)', '1 споживач (електроустановка)'),
(23, 'Підключення однофазного електролічильника за нарядом (одно-, двоквартирні будинки, промисловість, комун.споживачі в центрі міста, при обслуговуванні яких не обов''язкове застосування автотранспорта)', '1 лічильник'),
(24, 'Відключення однофазного електролічильника за нарядом (одно-, двоквартирні будинки, промисловість, комун.споживачі в центрі міста, при обслуговуванні яких не обов''язкове застосування автотранспорта)', '1 лічильник'),
(25, 'Підключення до електричної мережі електроустановок із сезонним характером робіт, які понад місяць були знеструмлені, в т.ч. первинне підключення юридичних споживачів (підключення відгалуженням)', '1 установка'),
(26, 'Підключення до електричної мережі електроустановок із сезонним характером робіт, які понад місяць були знеструмлені, в т.ч. первинне підключення юридичних споживачів (підключення відгалуженням)', '1 установка'),
(27, 'Підключення до електричної мережі електроустановок із сезонним характером робіт, які понад місяць були знеструмлені, в т.ч. первинне підключення юридичних споживачів (підключення відгалуженням)', '1 установка'),
(28, 'Демонтаж однофазного вводу від опори 0,4 кВ із застосуванням автовишки ', '1 ввід'),
(29, 'Демонтажа трифазного вводу від опори 0,4 кВ із застосуванням автовишки ', '1 ввід'),
(30, 'Монтаж однофазного відгалуження двожильним СІП ', '1 відгалуження'),
(31, 'Монтаж однофазного відгалуження двожильним СІП ', '1 відгалуження'),
(32, 'Монтаж трифазного відгалуження з чотирма утримними ізольованими жилами або чотирижильним СІП з ізольованою утримною (нульовою) жилою', '1 відгалуження'),
(33, 'Монтаж трифазного відгалуження з чотирма утримними ізольованими жилами або чотирижильним СІП з ізольованою утримною (нульовою) жилою', '1 відгалуження'),
(34, 'Підключення відгалужень від опори 0,4 кВ до ящика зовнішнього обліку електроенергії з установкою однофазного електролічильника ', '1 ввід'),
(35, 'Підключення відгалужень від опори 0,4 кВ до ящика зовнішнього обліку електроенергії з установкою однофазного електролічильника ', '1 ввід'),
(36, 'Підключення відгалужень від опори 0,4 кВ до ящика зовнішнього обліку електроенергії з установкою однофазного електролічильника ', '1 ввід'),
(37, 'Позачергова технічна перевірка правильності роботи однофазних та трифазних приладів обліку електричної енергії', '1 приєднання'),
(38, 'Позачергова технічна перевірка правильності роботи однофазних та трифазних приладів обліку електричної енергії', '1 приєднання'),
(39, 'Видача технічних умов приєднання електроустановки споживача до мереж ПрАТ "ПЕЕМ "ЦЕК" (Обстеження земельної ділянки та визначення умов підключення об''єкта до мережі)', '1 точка приєднання'),
(40, 'Видача технічних умов приєднання електроустановки споживача до мереж ПрАТ "ПЕЕМ "ЦЕК" (Обстеження земельної ділянки та визначення умов підключення об''єкта до мережі)', '1 точка приєднання'),
(41, 'до 16 кВт (включно)', '1 точка приєднання'),
(42, 'від 16 до 50 кВт (включно)', '1 точка приєднання'),
(43, 'від 50 до 160 кВт (включно)', '1 точка приєднання'),
(44, 'від 160 до 250 кВт (включно)', '1 точка приєднання'),
(45, 'від 250 до 500 кВт (включно)', '1 точка приєднання'),
(46, 'від 500 кВт і вище', '1 точка приєднання'),
(47, 'Погодження проектної документації на відповідність виданим технічним умовам ', '1 точка приєднання'),
(48, 'до 16 кВт (включно)', '1 точка приєднання'),
(49, 'від 16 до 50 кВт (включно)', '1 точка приєднання'),
(50, 'від 50 до 160 кВт (включно)', '1 точка приєднання'),
(51, 'від 160 до 250 кВт (включно)', '1 точка приєднання'),
(52, 'від 250 до 500 кВт (включно)', '1 точка приєднання'),
(53, 'від 500 кВт і вище', '1 точка приєднання'),
(54, 'Оформлення дозволу на виконання робіт в охоронній зоні електричних мереж (ТП від 250 кВА до 1000 кВА)', '1 дозвіл'),
(55, 'Оформлення дозволу на виконання робіт в охоронній зоні електричних мереж (ТП від 250 кВА до 1000 кВА)', '1 дозвіл'),
(56, 'Підключення трифазного електролічильника за нарядом (одно-, двоквартирні будинки, промисловість, комун.споживачі в центрі міста, при обслуговуванні яких не обов''язкове застосування автотранспорта)', '1 лічильник'),
(57, 'Відключення трифазного електролічильника за нарядом (одно-, двоквартирні будинки, промисловість, комун.споживачі в центрі міста, при обслуговуванні яких не обов''язкове застосування автотранспорта)', '1 лічильник'),
(58, 'Підключення електроустановки споживача до електричної мережі за допомогою комутаційної апаратури ', '1 споживач (електроустановка)'),
(59, 'Підключення електроустановки споживача до електричної мережі за допомогою комутаційної апаратури ', '1 споживач (електроустановка)'),
(60, 'Відключення електроустановки споживача від електричної мережі за допомогою комутаційної апаратури ', '1 споживач (електроустановка)'),
(61, 'Відключення електроустановки споживача від електричної мережі за допомогою комутаційної апаратури ', '1 споживач (електроустановка)'),
(62, 'Відключення (в тому числі повторне) електроустановки споживача з 1-фазним лічильником від ізольованої електромережі на опорі ПЛ 0,4 кВ із зняттям проколюючих зажимів із застосуванням автовишки', '1 споживач (електроустановка)'),
(63, 'Відключення (в тому числі повторне) електроустановки споживача з 1-фазним лічильником від ізольованої електромережі на опорі ПЛ 0,4 кВ із зняттям проколюючих зажимів із застосуванням автовишки', '1 споживач (електроустановка)'),
(64, 'Повторне підключення після відключення електроустановки споживача з 1-фазним лічильником до електромережі з ізольованими проводами на опорі ПЛ 0,4 кВ проколюючими зажимами із застосуванням автовишки', '1 споживач (електроустановка)'),
(65, 'Повторне підключення після відключення електроустановки споживача з 1-фазним лічильником до електромережі з ізольованими проводами на опорі ПЛ 0,4 кВ проколюючими зажимами із застосуванням автовишки', '1 споживач (електроустановка)'),
(66, 'Відключення (в тому числі повторное) електроустановки споживача з 3-фазним лічильником від ізольованої електромережі на опорі ПЛ 0,4 кВ із зняттям проколюючих зажимів із застосуванням автовишки', '1 споживач (електроустановка)'),
(67, 'Відключення (в тому числі повторное) електроустановки споживача з 3-фазним лічильником від ізольованої електромережі на опорі ПЛ 0,4 кВ із зняттям проколюючих зажимів із застосуванням автовишки', '1 споживач (електроустановка)'),
(68, 'Повторное підключення після відключення електроустановки споживача з 3-фазним лічильником до електромережі з ізольованими проводами на опорі ПЛ 0,4 кВ проколюючими зажимами із застосуванням автовишки', '1 споживач (електроустановка)'),
(69, 'Повторное підключення після відключення електроустановки споживача з 3-фазним лічильником до електромережі з ізольованими проводами на опорі ПЛ 0,4 кВ проколюючими зажимами із застосуванням автовишки', '1 споживач (електроустановка)'),
(70, 'Відключення (в тому числі повторное) електроустановки споживача (з 1-фазним чи 3-фазним лічильником) та ізольованим вводом від електромережі у виносній шафі обліку на фасаді будинку ', '1 споживач (електроустановка)'),
(71, 'Відключення (в тому числі повторное) електроустановки споживача (з 1-фазним чи 3-фазним лічильником) та ізольованим вводом від електромережі у виносній шафі обліку на фасаді будинку ', '1 споживач (електроустановка)'),
(72, 'Повторне підключення після відключення електроустановки споживача (з 1-фазним чи 3-фазним лічильником) до електромережі у виносній шафі обліку на фасаді будинку ', '1 споживач (електроустановка)'),
(73, 'Повторне підключення після відключення електроустановки споживача (з 1-фазним чи 3-фазним лічильником) до електромережі у виносній шафі обліку на фасаді будинку ', '1 споживач (електроустановка)'),
(74, 'Відключення (в тому числі повторного) електроустановки споживача (з 1-фазним чи 3-фазним лічильником) від електромережі в центрах живлення (в приміщенні ТП) з застосуванням комутаційної апаратури', '1 споживач (електроустановка)'),
(75, 'Відключення (в тому числі повторного) електроустановки споживача (з 1-фазним чи 3-фазним лічильником) від електромережі в центрах живлення (в приміщенні ТП) з застосуванням комутаційної апаратури', '1 споживач (електроустановка)'),
(76, 'Повторное підключення після відключення електроустановки споживача (з 1-фазним чи 3-фазним лічильником) до електромережі в центрах живлення (в приміщенні ТП) з застосуванням комутаційної апаратури.', '1 споживач (електроустановка)'),
(77, 'Повторное підключення після відключення електроустановки споживача (з 1-фазним чи 3-фазним лічильником) до електромережі в центрах живлення (в приміщенні ТП) з застосуванням комутаційної апаратури.', '1 споживач (електроустановка)'),
(78, 'Відключення (в тому числі повторне) електроустановки споживача з 1-фазним лічильником від електромережі основного споживача (в поверховому розподільчому щиті)', '1 споживач (електроустановка)'),
(79, 'Відключення (в тому числі повторне) електроустановки споживача з 1-фазним лічильником від електромережі основного споживача (в поверховому розподільчому щиті)', '1 споживач (електроустановка)'),
(80, 'Повторне підключення після відключення електроустановки споживача з 1-фазним лічильником до внутрішньобудинкової електромережі основного споживача (в поверховому розподільчому щиті)', '1 споживач (електроустановка)'),
(81, 'Повторне підключення після відключення електроустановки споживача з 1-фазним лічильником до внутрішньобудинкової електромережі основного споживача (в поверховому розподільчому щиті)', '1 споживач (електроустановка)'),
(82, 'Відключення (в тому числі повторне) електроустановки споживача з 1-фазним лічильником в точці обліку від внутрішньої електромережі споживача (в будинку або в квартирі)', '1 споживач (електроустановка)'),
(83, 'Відключення (в тому числі повторне) електроустановки споживача з 1-фазним лічильником в точці обліку від внутрішньої електромережі споживача (в будинку або в квартирі)', '1 споживач (електроустановка)'),
(84, 'Повторне підключення після відключення електроустановки споживача з 1-фазним лічильником в точці обліку до внутрішньобудинкової електромережі споживача (в будинку або в квартирі)', '1 споживач (електроустановка)'),
(85, 'Повторне підключення після відключення електроустановки споживача з 1-фазним лічильником в точці обліку до внутрішньобудинкової електромережі споживача (в будинку або в квартирі)', '1 споживач (електроустановка)'),
(86, 'Визов інспектора ', '1 споживач'),
(87, 'Визов інспектора ', '1 споживач'),
(88, 'Програмування електронного лічильника електроенергії за допомогою переносного комп''ютера', '1 приєднання'),
(89, 'Програмування електронного лічильника електроенергії за допомогою переносного комп''ютера', '1 приєднання'),
(90, 'Вимірювання опору ізоляції силових кабельних ліній на напругу до 1 кВ включно, вимірювання повного опору петлі "фаза-нуль" (до 1 кВ) та вимірювання опору заземлюючих пристроїв напругою до 1 кВ включно ', '1 кабель'),
(91, 'Вимірювання опору ізоляції силових кабельних ліній на напругу до 1 кВ включно, вимірювання повного опору петлі "фаза-нуль" (до 1 кВ) та вимірювання опору заземлюючих пристроїв напругою до 1 кВ включно ', '1 кабель'),
(92, 'Вимірювання опору ізоляції силових кабельних ліній на напругу до 1 кВ включно, вимірювання повного опору петлі "фаза-нуль" (до 1 кВ) та вимірювання опору заземлюючих пристроїв напругою до 1 кВ включно ', '1 кабель'),
(93, 'Вимірювання повного опору петлі "фаза-нуль" (до 1 кВ) ', '1 вимірювання'),
(94, 'Вимірювання повного опору петлі "фаза-нуль" (до 1 кВ) ', '1 вимірювання'),
(95, 'Вимірювання опору заземлюючих пристроїв напругою до 1 кВ включно ', '1 вимірювання'),
(96, 'Вимірювання опору заземлюючих пристроїв напругою до 1 кВ включно ', '1 вимірювання'),
(97, 'Вимірювання опору ізоляції силових кабельних ліній на напругу до 1 кВ включно', '1 кабель'),
(98, NULL, NULL),
(99, NULL, NULL),
(100, 'Огляд обладнання споживача на предмет технічної готовності електромонтажних робіт', '1 огляд'),
(101, 'Вимірювання втрат напруги у вторинних колах ТН. Вимірювання повної потужності і коефіцієнта потужності навантаження вторинних кіл ТН та ТС.', '1 трансформатор'),
(102, NULL, NULL),
(103, NULL, NULL),
(104, 'Заміна лічильника електроенергії прямого вмикання', '1 лічильник'),
(105, 'Заміна лічильника електроенергії трансформаторного включення на стороні НН (ВН)', '1 лічильник'),
(106, NULL, NULL),
(107, 'Заміна трансформаторів струму в електроустановках напругою до 1000 В', '1 трансформатор'),
(108, NULL, NULL),
(109, 'Технічний нагляд за виконанням робіт у межах охоронної зони електромереж (за одну годину роботи)', '1 час роботи'),
(110, 'Розпломбування та опломбування приладу обліку', '1 прилад обліку'),
(111, 'Заміна дооблікового автоматичного вимикача напругою 220 В', '1 прилад обліку'),
(112, 'Заміна дооблікового автоматичного вимикача напругою 380 В', '1 прилад обліку'),
(113, 'Пошук і визначення місця пошкодження силових кабельних ліній з пропалюванням, довжина кабеля до 500 м', '1 кабель'),
(114, NULL, NULL),
(115, NULL, NULL),
(116, 'Пошук і визначення місця пошкодження силових кабельних ліній з пропалюванням, довжина кабеля до 1000 м', '1 кабель'),
(117, NULL, NULL),
(118, NULL, NULL),
(119, 'Пошук і визначення місця пошкодження силових кабельних ліній з пропалюванням, за кожні наступні 500 м', '1 кабель'),
(120, NULL, NULL),
(121, NULL, NULL),
(122, 'Випробування силового трифазного двохобмоткового трансформатора напругою 3-20 кВ', '1 трансформатор'),
(123, NULL, NULL),
(124, 'Випробування силового трифазного двохобмоткового трансформатора напругою 35 кВ', '1 трансформатор'),
(125, NULL, NULL),
(126, 'Випробування збірних та з''єднувальних шин напругою до 11 кВ', '1 випробування'),
(127, NULL, NULL),
(128, NULL, NULL),
(129, 'Випробування збірних та з''єднувальних шин напругою до 35 кВ', '1 випробування'),
(130, NULL, NULL),
(131, NULL, NULL),
(132, 'Вимірювання опору ізоляції силових кабельних ліній на напругу до 1 кВ включно та випробування кабельної лінії підвищеною випрямленою напругою', '1 кабель'),
(133, NULL, NULL),
(134, NULL, NULL),
(135, 'Вимірювання опору ізоляції силових кабельних ліній на напругу 6-20 кВ та випробування кабельної лінії підвищеною випрямленою напругою', '1 кабель'),
(136, NULL, NULL),
(137, NULL, NULL),
(138, 'Вимір напруги та навантаження електричної енергії', '1 вимір'),
(139, NULL, NULL),
(140, 'Знімання однофазного електролічильника', '1 лічильник'),
(141, 'Встановлення однофазного електролічильника згідно з поодиноким нарядом', '1 лічильник'),
(142, 'Заміна однофазного електролічильника за дефектами і згідно з поодиноким нарядом', '1 лічильник'),
(143, 'Заміна однофазного електролічильника за дефектами і згідно з поодиноким нарядом (сільська місцевість)', '1 лічильник'),
(144, 'Заміна та технічна перевірка однофазного електролічильника та дооблікових електричних мереж в індивідуальній забудові (лічильник у квартирі, будинку)', '1 лічильник'),
(145, NULL, NULL),
(146, 'Заміна та технічна перевірка однофазного електролічильника та дооблікових електричних мереж в індивідуальній забудові при винесенні приладу обліку на фасад будинку в шафі двожильним СІП', '1 лічильник'),
(147, NULL, NULL),
(148, NULL, NULL),
(149, 'Перевірка, пломбування і оформлення встановленого однофазного електролічильника в абонента в новому житловому будинку', '1 лічильник'),
(150, 'Перевірка, пломбування і оформлення встановленого однофазного електролічильника в абонента в новому житловому будинку згідно з поодиноким нарядом (сільська місцевість)', '1 лічильник'),
(151, 'Аналіз трансформаторного масла з визначенням вмісту вологи під час випробувань електрообладнання', '1 проба'),
(152, 'Аналіз трансформаторного масла з визначенням вмісту вологи під час випробувань електрообладнання', '1 проба'),
(153, 'Випробування ізолюючої штанги підвищеною напругою до 35 кВ включно', '1 засіб захисту'),
(154, 'Випробування вказівника напруги підвищеною напругою до 1000 В включно', '1 засіб захисту'),
(155, 'Випробування вказівника напруги підвищеною напругою від 6 до 110 кВ', '1 засіб захисту'),
(156, 'Випробування електровимірювальних кліщів підвищеною напругою до 1000 В включно', '1 засіб захисту'),
(157, 'Випробування діелектричних гумових рукавиць, ботів, калош підвищеною напругою', '1 засіб захисту (1 пара)'),
(158, 'Встановлення фасадної шафи обліку (напруга 220 В)', '1 шафа обліку'),
(159, 'Встановлення фасадної шафи обліку (напруга 220 В)', '1 шафа обліку'),
(160, 'Встановлення фасадної шафи обліку (напруга 220 В)', '1 шафа обліку'),
(161, 'Встановлення фасадної шафи обліку (напруга 220 В)', '1 шафа обліку'),
(162, 'Встановлення фасадної шафи обліку (напруга 380 В)', '1 шафа обліку'),
(163, 'Встановлення фасадної шафи обліку (напруга 380 В)', '1 шафа обліку'),
(164, 'Встановлення фасадної шафи обліку (напруга 380 В)', '1 шафа обліку'),
(165, 'Встановлення фасадної шафи обліку (напруга 380 В)', '1 шафа обліку'),
(166, NULL, NULL),
(167, NULL, NULL),
(168, NULL, NULL),
(169, NULL, ' ');

-- --------------------------------------------------------

--
-- Table structure for table `klient`
--

CREATE TABLE IF NOT EXISTS `klient` (
  `id` int(11) NOT NULL AUTO_INCREMENT,
  `inn` varchar(10) NOT NULL COMMENT 'ИНН',
  `okpo` varchar(12) NOT NULL COMMENT 'ОКПО',
  `regsvid` varchar(20) NOT NULL COMMENT '№ рег. свидет.',
  `nazv` varchar(60) NOT NULL COMMENT 'Название',
  `addr` varchar(70) NOT NULL COMMENT 'Адрес контрагента',
  `reg` int(11) NOT NULL DEFAULT '0' COMMENT 'Признак регистрации',
  `date_reg` date NOT NULL COMMENT 'Дата регистрации',
  `person` int(11) NOT NULL COMMENT 'Фіз/Юрид особа',
  `priz_nds` int(11) NOT NULL DEFAULT '0' COMMENT 'Признак плательщика НДС',
  `tel` varchar(20) NOT NULL COMMENT 'Телефон контрагента',
  `email` varchar(50) NOT NULL COMMENT 'E-Mail',
  `contact_person` varchar(60) NOT NULL COMMENT 'Контактный человек для юр. лиц',
  `fio_dir` varchar(70) NOT NULL COMMENT 'ФИО и должность уполномоч. лица',
  PRIMARY KEY (`id`)
) ENGINE=InnoDB  DEFAULT CHARSET=utf8 AUTO_INCREMENT=70 ;

--
-- Dumping data for table `klient`
--

INSERT INTO `klient` (`id`, `inn`, `okpo`, `regsvid`, `nazv`, `addr`, `reg`, `date_reg`, `person`, `priz_nds`, `tel`, `email`, `contact_person`, `fio_dir`) VALUES
(65, '2500251190', '', '', 'Степанов Віктор Романович', 'м. Дніпро вул. Київська 49', 1, '2017-09-28', 1, 1, '066 983-45-81', 'kiev@ee.oo', '', ''),
(66, '4500045000', '', '3454523454', 'тов. "Зелений світ"', 'м. Дніпро вул. Будьоного 11', 1, '2017-10-02', 1, 0, '099 129-95-89', 'green-world@tut.tam', 'Сидоров В.С,', 'Сидоров Вадим Семенович'),
(67, '2610000000', '2610000000', '2344434', 'Світ та Степ', 'м. Дніпро пр. Поля 80б', 1, '2017-10-05', 2, 1, '', 'roman@ii.ua', 'Степанов Борис Романович', 'Степанов Борис Романович'),
(68, '1201201201', '', '', 'Степанов Іван Романович', 'м. Дніпро вул. Козакова 67', 1, '2017-10-09', 1, 1, '098 123-90-43', 'stepan@ukr.net', '', ''),
(69, '2789012875', '', '', 'Петров Вадим Семенович', 'м. Жовті Води вул. Кропоткіна 21', 1, '2017-10-10', 1, 1, '093 198-38-57', 'hkp@ukr.net', '', '');

-- --------------------------------------------------------

--
-- Table structure for table `max_schet`
--

CREATE TABLE IF NOT EXISTS `max_schet` (
  `id` int(11) NOT NULL AUTO_INCREMENT,
  `value` int(11) NOT NULL COMMENT 'макс. значение номера заявки',
  PRIMARY KEY (`id`)
) ENGINE=InnoDB  DEFAULT CHARSET=utf8 AUTO_INCREMENT=2 ;

--
-- Dumping data for table `max_schet`
--

INSERT INTO `max_schet` (`id`, `value`) VALUES
(1, 92);

-- --------------------------------------------------------

--
-- Table structure for table `migration`
--

CREATE TABLE IF NOT EXISTS `migration` (
  `version` varchar(180) NOT NULL,
  `apply_time` int(11) DEFAULT NULL,
  PRIMARY KEY (`version`)
) ENGINE=InnoDB DEFAULT CHARSET=utf8;

--
-- Dumping data for table `migration`
--

INSERT INTO `migration` (`version`, `apply_time`) VALUES
('m000000_000000_base', 1502345675),
('m170810_060400_create_user_table', 1502345721);

-- --------------------------------------------------------

--
-- Table structure for table `refusal`
--

CREATE TABLE IF NOT EXISTS `refusal` (
  `id` int(11) NOT NULL AUTO_INCREMENT,
  `usluga` varchar(255) DEFAULT NULL COMMENT 'Услуга',
  `work` varchar(255) NOT NULL,
  `summa` decimal(7,2) NOT NULL COMMENT 'Сумма',
  `adr_work` varchar(255) NOT NULL COMMENT 'Адрес віполнения работ',
  `res_id` varchar(70) NOT NULL COMMENT '№ РЭСа',
  `cause` varchar(255) NOT NULL COMMENT 'Причина отказа',
  `date` date NOT NULL COMMENT 'Дата отказа',
  `time` varchar(10) NOT NULL COMMENT 'Время отказа',
  PRIMARY KEY (`id`)
) ENGINE=InnoDB  DEFAULT CHARSET=utf8 AUTO_INCREMENT=24 ;

--
-- Dumping data for table `refusal`
--

INSERT INTO `refusal` (`id`, `usluga`, `work`, `summa`, `adr_work`, `res_id`, `cause`, `date`, `time`) VALUES
(1, '', 'Заміна дооблікового автоматичного вимикача напругою 380 В (1 прилад обліку)', 1608.96, 'Адрес споживача: вулиця Комарова, 7, Павлоград, Дніпропетровська область, Украина, 51400', '0', '', '2017-08-17', '11:25'),
(2, '', 'Заміна дооблікового автоматичного вимикача напругою 380 В (1 прилад обліку)', 1608.96, 'Адрес споживача: вулиця Комарова, 7, Павлоград, Дніпропетровська область, Украина, 51400', '0', '', '2017-08-17', '11:26'),
(3, '', 'Погодження проектної документації на відповідність виданим технічним умовамвід 250 до 500 кВт (включно)', 384.06, 'Адрес споживача: Лазурна вулиця, 240-241, Сонячне, Запорізька область, Украина, 70417', 'Запорізькі РЕМ', 'Не цікаво', '2017-08-17', '11:28'),
(4, '', 'Знімання однофазного електролічильника (1 лічильник)', 1433.51, 'Адрес споживача: Unnamed Road, Павлоград, Дніпропетровська область, Украина', 'Павлоградські РЕМ', '', '2017-08-17', '11:36'),
(5, '', 'Вимірювання опору ізоляції силових кабельних ліній на напругу до 1 кВ включно (1 кабель)', 1973.93, 'Адрес споживача: вулиця Свердлова, Кривий Ріг, Дніпропетровська область, Украина', 'Інгулецькі РЕМ', '', '2017-08-17', '11:40'),
(6, '', 'Відключення (в тому числі повторное) електроустановки споживача з 3-фазним лічильником від ізольованої електромережі на опорі ПЛ 0,4 кВ із зняттям проколюючих зажимів із застосуванням автовишки (1 споживач (електроустановка))', 306.36, 'Адрес споживача: бульвар Свободи, 26, Жовті Води, Дніпропетровська область, Украина', 'Жовтоводські РЕМ', 'Не влаштовує вартість послуги', '2017-08-17', '11:41'),
(7, '', 'Вимірювання втрат напруги у вторинних колах ТН. Вимірювання повної потужності і коефіцієнта потужності навантаження вторинних кіл ТН та ТС. (1 трансформатор)', 944.88, ' вулиця Шахтарської слави, 41, Жовті Води, Дніпропетровська область, Украина', 'Жовтоводські РЕМ', '', '2017-08-23', '06:27'),
(8, '', 'Заміна однофазного електролічильника за дефектами і згідно з поодиноким нарядом (сільська місцевість) (1 лічильник)', 1529.45, ' вулиця Дніпровська, 573/1, Павлоград, Дніпропетровська область, Украина, 51400', 'Павлоградські РЕМ', '', '2017-08-23', '06:27'),
(9, NULL, 'Випробування вказівника напруги підвищеною напругою від 6 до 110 кВ (1 засіб захисту)', 221.05, 'Адреса виконання робіт: Дивізіонна вулиця, 6А, Дніпро́, Дніпропетровська область, Україна', 'Дніпропетровські РЕМ', 'Не влаштовує вартість послуги', '2017-08-28', '07:28'),
(10, NULL, 'Випробування вказівника напруги підвищеною напругою від 6 до 110 кВ (1 засіб захисту)', 221.05, 'Адреса виконання робіт: Дивізіонна вулиця, 6А, Дніпро́, Дніпропетровська область, Україна', 'Дніпропетровські РЕМ', 'Не влаштовує вартість послуги', '2017-08-28', '07:31'),
(11, NULL, 'Випробування вказівника напруги підвищеною напругою від 6 до 110 кВ (1 засіб захисту)', 221.05, 'Адреса виконання робіт: Дивізіонна вулиця, 6А, Дніпро́, Дніпропетровська область, Україна', 'Дніпропетровські РЕМ', 'Не влаштовує вартість послуги', '2017-08-28', '07:52'),
(12, NULL, 'Випробування вказівника напруги підвищеною напругою від 6 до 110 кВ (1 засіб захисту)', 221.05, 'Адреса виконання робіт: Дивізіонна вулиця, 6А, Дніпро́, Дніпропетровська область, Україна', 'Дніпропетровські РЕМ', 'Не влаштовує вартість послуги', '2017-08-28', '07:53'),
(13, NULL, 'Випробування вказівника напруги підвищеною напругою від 6 до 110 кВ (1 засіб захисту)', 221.05, 'Адреса виконання робіт: Дивізіонна вулиця, 6А, Дніпро́, Дніпропетровська область, Україна', 'Дніпропетровські РЕМ', 'Не влаштовує вартість послуги', '2017-08-28', '07:53'),
(14, NULL, 'Випробування вказівника напруги підвищеною напругою від 6 до 110 кВ (1 засіб захисту)', 221.05, 'Адреса виконання робіт: Дивізіонна вулиця, 6А, Дніпро́, Дніпропетровська область, Україна', 'Дніпропетровські РЕМ', 'Не влаштовує вартість послуги', '2017-08-28', '07:54'),
(15, NULL, 'Випробування вказівника напруги підвищеною напругою від 6 до 110 кВ (1 засіб захисту)', 221.05, 'Адреса виконання робіт: Дивізіонна вулиця, 6А, Дніпро́, Дніпропетровська область, Україна', 'Дніпропетровські РЕМ', 'Не влаштовує вартість послуги', '2017-08-28', '07:55'),
(16, NULL, 'Випробування вказівника напруги підвищеною напругою від 6 до 110 кВ (1 засіб захисту)', 221.05, 'Адреса виконання робіт: Дивізіонна вулиця, 6А, Дніпро́, Дніпропетровська область, Україна', 'Дніпропетровські РЕМ', 'Не влаштовує вартість послуги', '2017-08-28', '07:57'),
(17, NULL, 'Випробування вказівника напруги підвищеною напругою від 6 до 110 кВ (1 засіб захисту)', 221.05, 'Адреса виконання робіт: Дивізіонна вулиця, 6А, Дніпро́, Дніпропетровська область, Україна', 'Дніпропетровські РЕМ', '', '2017-08-28', '07:58'),
(18, NULL, 'Випробування вказівника напруги підвищеною напругою від 6 до 110 кВ (1 засіб захисту)', 221.05, 'Адреса виконання робіт: Дивізіонна вулиця, 6А, Дніпро́, Дніпропетровська область, Україна', 'Дніпропетровські РЕМ', '', '2017-08-28', '07:58'),
(19, NULL, 'Випробування вказівника напруги підвищеною напругою від 6 до 110 кВ (1 засіб захисту)', 221.05, 'Адреса виконання робіт: Дивізіонна вулиця, 6А, Дніпро́, Дніпропетровська область, Україна', 'Дніпропетровські РЕМ', '', '2017-08-28', '07:59'),
(20, NULL, 'Заміна лічильника електроенергії прямого вмикання (1 лічильник)', 677.34, 'Адреса виконання робіт: вулиця Пушкіна, 23, Жовті Води, Дніпропетровська область, Україна', 'Жовтоводські РЕМ', 'апак', '2017-08-28', '07:59'),
(21, NULL, 'Заміна лічильника електроенергії прямого вмикання (1 лічильник)', 677.34, 'Адреса виконання робіт: вулиця Пушкіна, 23, Жовті Води, Дніпропетровська область, Україна', 'Жовтоводські РЕМ', '', '2017-08-28', '08:12'),
(22, NULL, 'Заміна лічильника електроенергії трансформаторного включення на стороні НН (ВН) (1 лічильник)', 991.79, 'Адреса виконання робіт: вулиця Абрикосова, Жовті Води, Дніпропетровська область, Україна', 'Жовтоводські РЕМ', 'Не влаштовує вартість послуги', '2017-09-06', '11:23'),
(23, NULL, 'Вимір напруги та навантаження електричної енергії (1 вимір)', 517.81, 'Адреса виконання робіт: вулиця Кропоткіна, 8, Жовті Води, Дніпропетровська область, Україна', 'Жовтоводські РЕМ', 'Не зараз', '2017-10-09', '12:14');

-- --------------------------------------------------------

--
-- Table structure for table `regions`
--

CREATE TABLE IF NOT EXISTS `regions` (
  `id` int(11) NOT NULL AUTO_INCREMENT,
  `obl` varchar(50) NOT NULL COMMENT 'Название области',
  PRIMARY KEY (`id`)
) ENGINE=InnoDB  DEFAULT CHARSET=utf8 AUTO_INCREMENT=25 ;

--
-- Dumping data for table `regions`
--

INSERT INTO `regions` (`id`, `obl`) VALUES
(1, 'Вінницька '),
(2, 'Волинська '),
(3, 'Дніпропетровська'),
(4, 'Донецька'),
(5, 'Житомирська'),
(6, 'Закарпатська '),
(7, 'Запорізька'),
(8, 'Івано-Франківська'),
(9, 'Київська'),
(10, 'Кіровоградська'),
(11, 'Луганська'),
(12, 'Львівська'),
(13, 'Миколаївська '),
(14, 'Одеська'),
(15, 'Полтавська'),
(16, 'Рівненська'),
(17, 'Сумська'),
(18, 'Тернопільська'),
(19, 'Харківська'),
(20, 'Херсонська'),
(21, 'Хмельницька'),
(22, 'Черкаська'),
(23, 'Чернівецька'),
(24, 'Чернігівська');

-- --------------------------------------------------------

--
-- Table structure for table `schet`
--

CREATE TABLE IF NOT EXISTS `schet` (
  `id` int(11) NOT NULL AUTO_INCREMENT,
  `inn` varchar(10) NOT NULL,
  `schet` varchar(8) NOT NULL,
  `date` date NOT NULL,
  `date_opl` date DEFAULT NULL COMMENT 'Дата оплаты',
  `time` varchar(10) NOT NULL COMMENT 'Время заявки',
  `usluga` varchar(255) NOT NULL COMMENT 'Заказанная работа',
  `summa` decimal(7,2) NOT NULL COMMENT 'Сумма с НДС',
  `summa_work` decimal(7,2) NOT NULL COMMENT 'Стоимость работ',
  `summa_delivery` decimal(7,2) NOT NULL COMMENT 'Сумма доставки бригады',
  `summa_transport` decimal(7,2) NOT NULL COMMENT 'Сумма транспортных услуг',
  `summa_beznds` decimal(7,2) NOT NULL COMMENT 'Сумма без НДС',
  `adres` varchar(220) NOT NULL COMMENT 'Адрес  выполнения работ',
  `geo` varchar(50) NOT NULL COMMENT 'гео-координаты места выполнения работ',
  `res` varchar(40) NOT NULL COMMENT 'Исполняющая служба',
  `comment` varchar(255) NOT NULL COMMENT 'Примечание потребителя',
  `surely` int(11) NOT NULL COMMENT 'Признак обязательно перезвонить',
  `status` int(11) NOT NULL COMMENT 'Статус заявки',
  `date_z` date DEFAULT NULL COMMENT 'Дата выполнения',
  `contract` varchar(14) NOT NULL COMMENT '№ договора',
  `act_work` int(11) DEFAULT NULL COMMENT 'Акт выполненных работ',
  `date_akt` date DEFAULT NULL COMMENT 'Дата акта вып. работ',
  `date_exec` date DEFAULT NULL COMMENT 'Дата выполнения услуги',
  `kol` int(11) NOT NULL COMMENT 'Кол-во калкул. ед.',
  `why_refusal` varchar(200) NOT NULL COMMENT 'Причина отказа от услуги',
  PRIMARY KEY (`id`)
) ENGINE=InnoDB  DEFAULT CHARSET=utf8 AUTO_INCREMENT=93 ;

--
-- Dumping data for table `schet`
--

INSERT INTO `schet` (`id`, `inn`, `schet`, `date`, `date_opl`, `time`, `usluga`, `summa`, `summa_work`, `summa_delivery`, `summa_transport`, `summa_beznds`, `adres`, `geo`, `res`, `comment`, `surely`, `status`, `date_z`, `contract`, `act_work`, `date_akt`, `date_exec`, `kol`, `why_refusal`) VALUES
(82, '1234567891', '00000001', '2017-09-28', NULL, '09:05', 'Вимірювання втрат напруги у вторинних колах ТН. Вимірювання повної потужності і коефіцієнта потужності навантаження вторинних кіл ТН та ТС. (1 трансформатор)', 1036.07, 607.12, 3.02, 253.25, 863.39, ' вулиця Бориса Кротова, 19, Дніпро́, Дніпропетровська область, Україна', '48.398145300863234, 34.97984075554996', 'Дніпропетровські РЕМ', '', 0, 1, '2017-09-30', 'Дн08_00000001', 0, '2017-09-28', NULL, 1, ''),
(83, '2610000000', '00000002', '2017-09-28', NULL, '12:55', 'Випробування ізолюючої штанги підвищеною напругою до 35 кВ включно (1 засіб захисту)', 363.36, 204.37, 6.64, 91.79, 302.80, ' вулиця Титова, 3, Дніпро́, Дніпропетровська область, Україна', '48.42979190906726, 35.01331472405582', 'Дніпропетровські РЕМ', '', 0, 1, '2017-09-29', 'Дн09_00000002', NULL, '2017-09-28', NULL, 1, ''),
(84, '1201201201', '00000003', '2017-09-28', NULL, '13:16', 'Вимірювання втрат напруги у вторинних колах ТН. Вимірювання повної потужності і коефіцієнта потужності навантаження вторинних кіл ТН та ТС. (1 трансформатор)', 1308.24, 607.12, 101.69, 381.39, 1090.20, ' вулиця Шевченка, 114, П''ятихатки, Дніпропетровська область, Україна, 52100', '48.409099933750824, 33.694526195613435', 'Жовтоводські РЕМ', '', 0, 7, NULL, 'Жв08_00000003', 2, '2017-10-02', NULL, 1, 'Поїхав на море'),
(85, '2500251190', '00000004', '2017-09-28', '2017-10-30', '13:19', 'Вимір напруги та навантаження електричної енергії (1 вимір)', 547.99, 365.30, 11.83, 79.53, 456.66, ' Unnamed Road, Павлоград, Дніпропетровська область, Україна', '48.478732684661104, 35.973717214073986', 'Павлоградські РЕМ', '', 0, 5, '2017-09-29', 'Пв09_00000004', 1, '2017-09-28', '2017-09-29', 1, ''),
(86, '4500045000', '00000005', '2017-10-02', '2017-10-02', '11:32', 'Відключення (в тому числі повторне) електроустановки споживача з 1-фазним лічильником в точці обліку від внутрішньої електромережі споживача (в будинку або в квартирі) (1 споживач (електроустановка))', 116.93, 75.83, 1.40, 20.21, 97.44, ' вулиця Недайводська, 1-3, Кривий Ріг, Дніпропетровська область, Україна', '48.08793464307687, 33.39793825158267', 'Криворізькі РЕМ', '', 0, 3, '2017-10-31', 'Кр02_00000005', NULL, '2017-10-02', NULL, 1, ''),
(87, '1201201201', '00000006', '2017-10-02', NULL, '12:04', 'Вимірювання втрат напруги у вторинних колах ТН. Вимірювання повної потужності і коефіцієнта потужності навантаження вторинних кіл ТН та ТС. (1 трансформатор)', 1078.16, 607.12, 13.09, 278.26, 898.47, ' вулиця Казакевича, 2, Дніпро́, Дніпропетровська область, Україна', '48.40561389078413, 35.00181341179996', 'Дніпропетровські РЕМ', '', 0, 1, NULL, 'Дн08_00000006', NULL, '2017-10-02', NULL, 1, ''),
(88, '4500045000', '00000007', '2017-10-02', NULL, '13:37', 'ГАЗ 3307 автогідропідіймач АП-17', 410.22, 0.00, 0.00, 0.00, 341.85, ' вулиця Гагаріна, 17-19, Жовті Води, Дніпропетровська область, Україна', '48.34191906357351, 33.50112712385453', 'Жовтоводські РЕМ', '', 0, 5, NULL, 'Жв12_00000007', 3, '2017-10-02', NULL, 1, ''),
(89, '2610000000', '00000008', '2017-10-05', NULL, '15:42', 'Відключення (в тому числі повторне) електроустановки споживача з 1-фазним лічильником в точці обліку від внутрішньої електромережі споживача (в будинку або в квартирі) (1 споживач (електроустановка))', 135.53, 75.83, 3.27, 33.84, 112.94, ' вулиця Гагаріна, 8, Жовті Води, Дніпропетровська область, Україна', '48.34701054659957, 33.497779727003945', 'Жовтоводські РЕМ', '', 0, 1, '2017-10-11', 'Жв02_00000008', NULL, '2017-10-05', NULL, 1, ''),
(90, '1201201201', '00000009', '2017-10-09', NULL, '10:43', 'Вимірювання опору заземлюючих пристроїв напругою до 1 кВ включно  (1 вимірювання)', 375.77, 149.79, 21.38, 141.97, 313.14, ' вулиця Козакова, 65-67, Дніпро́, Дніпропетровська область, Україна', '48.43366591193299, 35.03206765653886', 'Дніпропетровські РЕМ', '', 0, 1, '2017-10-17', 'Дн09_00000009', NULL, '2017-10-09', NULL, 1, ''),
(91, '2789012875', '00000010', '2017-10-10', NULL, '08:12', 'Заміна дооблікового автоматичного вимикача напругою 380 В (1 прилад обліку)', 425.26, 262.96, 7.01, 84.41, 354.38, ' дом', '48.35168537335821, 33.47996306489222', 'Жовтоводські РЕМ', 'Бажано зробити швидко', 0, 1, '2017-10-12', 'Жв08_00000010', NULL, '2017-10-10', NULL, 1, ''),
(92, '2789012875', '00000011', '2017-10-12', NULL, '08:45', 'Заміна однофазного електролічильника за дефектами і згідно з поодиноким нарядом (1 лічильник)', 771.97, 106.54, 68.14, 468.63, 643.31, ' вулиця Молодіжна, 28A, Вільногірськ, Дніпропетровська область, Україна, 51700', '48.481312423539464, 34.01827955254703', 'Вільногірські РЕМ', '', 0, 1, NULL, 'Вг08_00000011', NULL, '2017-10-12', NULL, 1, '');

-- --------------------------------------------------------

--
-- Table structure for table `spr_res`
--

CREATE TABLE IF NOT EXISTS `spr_res` (
  `Director` varchar(100) NOT NULL COMMENT 'Ф.И.О Начальнака РЭСа',
  `id` int(11) NOT NULL AUTO_INCREMENT,
  `nazv` varchar(60) NOT NULL,
  `parrent_nazv` varchar(30) NOT NULL COMMENT 'Название РЭСа в родительском падеже',
  `addr` varchar(120) NOT NULL,
  `town` varchar(30) NOT NULL COMMENT 'Город, поселок, который обслуживает РЄС',
  `mail` varchar(40) NOT NULL COMMENT 'Адрес почты',
  `geo_koord` varchar(40) NOT NULL COMMENT 'гео-координаты адреса РЭСа',
  `geo_fromwhere_sd` varchar(40) NOT NULL COMMENT 'откуда едет машина (лаборатория)',
  `geo_fromwhere_sz` varchar(40) NOT NULL COMMENT 'откуда едет машина (уст. приборов)',
  `town_fromwhere_sd` varchar(20) NOT NULL COMMENT 'Город, откуда едет машина (лаборатория)',
  `town_fromwhere_sz` varchar(20) NOT NULL COMMENT 'Город, откуда едет машина (уст. приборов)',
  `tel` varchar(30) NOT NULL,
  `relat` varchar(20) NOT NULL,
  PRIMARY KEY (`id`)
) ENGINE=InnoDB  DEFAULT CHARSET=utf8 AUTO_INCREMENT=12 ;

--
-- Dumping data for table `spr_res`
--

INSERT INTO `spr_res` (`Director`, `id`, `nazv`, `parrent_nazv`, `addr`, `town`, `mail`, `geo_koord`, `geo_fromwhere_sd`, `geo_fromwhere_sz`, `town_fromwhere_sd`, `town_fromwhere_sz`, `tel`, `relat`) VALUES
('Грабовський Сергій Степанович', 1, 'Апостоловські РЕМ', 'Апостоловського', 'м. Апостолове, вул. Лесі Українки, 37', 'м. Апостолове', 'globalserg@ukr.net', '47.649505,33.715847', '48.342332,33.509477', '48.090366,33.392901', 'Жовті Води', 'Кривий Ріг', '(0565) 69-75-09', 'АпРЕМ'),
('Яровой Олександр Васильович', 2, 'Вільногірські РЕМ', 'Вільногірського', 'м. Вільногірськ, вул. Центральна, 39', 'м. Вільногірськ', 'globalserg@ukr.net', '48.478209,34.010809', '48.342332,33.509477', '48.342332,33.509477', 'Жовті Води', 'Жовті Води', '(0565) 33-60-33', 'ВгРЕМ'),
('Кучеренко Лариса Михайлівна', 3, 'Гвардійські РЕМ', 'Гвардійського', 'Новомосковський р-н, смт Гвардійське, вул.Сетьова,10', 'с. Гвардійське', 'globalserg@ukr.net', '48.732884,35.310855', '48.446203,35.002512', '48.446203,35.002512', 'Дніпро', 'Дніпро', '(0569) 35-65-10', 'ГвРЕМ'),
('Вишняков Олег Михайлович', 4, 'Дніпропетровські РЕМ', 'Дніпропетровського', 'м. Дніпро, вул. Б.Кротова, 44', 'м. Дніпро', 'globalserg@ukr.net', '48.3959186,34.9718428', '', '', '', '', '(0562) 31-13-27', 'ДнРЕМ'),
('Клепіков Валерій Михайлович', 5, 'Жовтоводські РЕМ', 'Жовтоводського', 'м. Жовті Води, вул. Хмельницького, 32', 'м. Жовті Води', 'globalserg@ukr.net', '48.342332,33.509477', '', '', '', '', '(056) 523-29-65', 'ЖвРЕМ'),
('Батурінець Олександр Валерійович', 6, 'Павлоградські РЕМ', 'Павлоградського', 'м. Павлоград, вул. Нова, 5', 'м. Павлоград', 'globalserg@ukr.net', '48.494513,35.941746', '', '48.446203,35.002512', '', 'Дніпро', '(0563) 21-50-14', 'ПвРЕМ'),
('Черепанюк Віктор Йосипович', 7, 'Інгулецькі РЕМ', 'Інгулецького', 'м. Кривий Ріг, вул. Недєліна 43А', 'м. Кривий Ріг', 'globalserg@ukr.net', '47.686933,33.155532', '48.342332,33.509477', '48.090366,33.392901', 'Жовті Води', 'Кривий Ріг', '067 632 31 18', 'ІнРЕМ'),
('Чабан Галина Василівна', 8, 'Криворізькі РЕМ', 'Криворізького', 'м. Кривий Ріг, с. Мирівське, вул. Двінська 8/1', 'м. Кривий Ріг', 'globalserg@ukr.net', '48.090366,33.392901', '48.342332,33.509477', '', 'Жовті Води', '', '(0564) 10-53-47', 'КрРЕМ'),
('Кондрашин Дмитро Сергійович', 11, 'Запорізькі РЕМ', 'Запорізького', 'м. Запоріжжя вул. Будівельників 72', 'м. Запоріжжя', 'globalserg@ukr.net', '47.8910548,35.0119734', '48.446203,35.002512', '48.446203,35.002512', 'Дніпро', 'Дніпро', '067 630-43-19', 'ЗпРЕМ');

-- --------------------------------------------------------

--
-- Table structure for table `spr_res_koord`
--

CREATE TABLE IF NOT EXISTS `spr_res_koord` (
  `id` int(11) NOT NULL AUTO_INCREMENT,
  `id_res` int(11) NOT NULL COMMENT '№ РЭСа',
  `name_koord` varchar(70) NOT NULL COMMENT 'Координатор',
  `tel_mobile` varchar(20) NOT NULL COMMENT 'Телефон мобильный',
  `tel_town` varchar(20) NOT NULL COMMENT 'Гооодской № телефона',
  `tel` varchar(7) NOT NULL COMMENT 'Внутренний № телефона',
  `tel_dop` varchar(20) NOT NULL COMMENT 'Дополнит. № телефона',
  PRIMARY KEY (`id`)
) ENGINE=InnoDB  DEFAULT CHARSET=utf8 AUTO_INCREMENT=11 ;

--
-- Dumping data for table `spr_res_koord`
--

INSERT INTO `spr_res_koord` (`id`, `id_res`, `name_koord`, `tel_mobile`, `tel_town`, `tel`, `tel_dop`) VALUES
(1, 1, 'Тьоменко Олександр Анатолійович ', '097 332-21-23', '', '527', ''),
(2, 2, 'Соколова Алла Анатоліївна ', '096 158-44-88', '', '548', ''),
(3, 3, 'Шепелюк Олег Олексійович', '067 614-41-43', '', '', ''),
(4, 5, 'Седченко Віталій Вікторович', '067 639-51-75', '', '508', ''),
(5, 6, 'Середінов Євген Михайлович', '099 355-75-40', '(0563) 21-50-13', '', '067 444-86-31'),
(6, 6, 'Волік Володимир Іванович', '050 694-02-33', '(0563) 21-50-13', '', '067 444-86-31'),
(7, 7, 'Максюта Наталя Валеріївна (напрямок робіт - технічна частина)', '067 568-03-25', '', '', ''),
(8, 7, 'Жирій Олександр Володимирович (напрямок робіт - енергозбут)', '067 562-94-03', '', '', ''),
(9, 8, 'Михайлюк Світлана Леонідівна', '097 364-48-17', '(0564) 400-53-47', '513', ''),
(10, 8, 'Козоброд Тимофій Сергійович', '096 691-10-32', '(0564) 404-59-39', '530', '');

-- --------------------------------------------------------

--
-- Table structure for table `spr_res_old`
--

CREATE TABLE IF NOT EXISTS `spr_res_old` (
  `id` int(11) NOT NULL DEFAULT '0',
  `nazv` varchar(60) NOT NULL,
  `addr` varchar(120) NOT NULL,
  `geo_koord` varchar(40) NOT NULL COMMENT 'гео-координаты адреса РЭСа',
  `geo_fromwhere_sd` varchar(40) NOT NULL COMMENT 'откуда едет машина (лаборатория)',
  `geo_fromwhere_sz` varchar(40) NOT NULL COMMENT 'откуда едет машина (уст. приборов)',
  `town_fromwhere_sd` varchar(20) NOT NULL COMMENT 'Город, откуда едет машина (лаборатория)',
  `town_fromwhere_sz` varchar(20) NOT NULL COMMENT 'Город, откуда едет машина (уст. приборов)',
  `tel` varchar(30) NOT NULL,
  `relat` varchar(20) NOT NULL
) ENGINE=InnoDB DEFAULT CHARSET=utf8;

--
-- Dumping data for table `spr_res_old`
--

INSERT INTO `spr_res_old` (`id`, `nazv`, `addr`, `geo_koord`, `geo_fromwhere_sd`, `geo_fromwhere_sz`, `town_fromwhere_sd`, `town_fromwhere_sz`, `tel`, `relat`) VALUES
(1, 'Апостоловські РЕМ', 'м. Апостолове, вул. Лесі Українки, 37', '47.649505,33.715847', '48.342332,33.509477', '48.090366,33.392901', 'Жовті Води', 'Кривий Ріг', '(0565) 69-75-09', 'АпРЕМ'),
(2, 'Вільногірські РЕМ', 'м. Вільногірськ, вул. Центральна, 39', '48.478209,34.010809', '48.342332,33.509477', '48.342332,33.509477', 'Жовті Води', 'Жовті Води', '(0565) 33-60-33', 'ВгРЕМ'),
(3, 'Гвардійські РЕМ', 'Новомосковський р-н, смт Гвардійське, вул.Сетьова,10', '48.732884,35.310855', '48.446203,35.002512', '48.446203,35.002512', 'Дніпро', 'Дніпро', '(0569) 35-65-10', 'ГвРЕМ'),
(4, 'Дніпропетровські РЕМ', 'м. Дніпро, вул. Б.Кротова, 44', '48.3959186,34.9718428', '', '', '', '', '(0562) 31-13-27', 'Кедріна, 28'),
(5, 'Жовтоводські РЕМ', 'м. Жовті Води, вул. Хмельницького, 32', '48.342332,33.509477', '', '', '', '', '(0565) 23-29-65', 'ЖвРЕМ'),
(6, 'Павлоградські РЕМ', 'м. Павлоград, вул. Нова, 5', '48.494513,35.941746', '', '48.446203,35.002512', '', 'Дніпро', '(0563) 21-50-14', 'ПвРЕМ'),
(7, 'Інгулецькі РЕМ', 'м. Кривий Ріг, вул. Недєліна 43А', '47.686933,33.155532', '48.342332,33.509477', '48.090366,33.392901', 'Жовті Води', 'Кривий Ріг', '067 632 31 18', 'ІнРЕМ'),
(8, 'Криворізькі РЕМ', 'м. Кривий Ріг, с. Мирівське, вул. Двінська 8/1', '48.090366,33.392901', '48.342332,33.509477', '', 'Жовті Води', '', '(0564) 10-53-47', 'КрРЕМ'),
(9, 'Служба засобів обліку електроенергії ', 'м. Дніпро, вул. Кедріна, 28', '48.446203,35.002512', '', '', '', '', '0562 31-03-90', ''),
(10, 'Служба діагностики ізоляції і захисту від перенапруги', 'м. Дніпро, вул. Кедріна, 28', '48.446203,35.002512', '', '', '', '', '0562 31-08-16', ''),
(11, 'Запорізькі РЕМ', 'м. Запоріжжя вул. Будівельників 72', '47.8910548,35.0119734', '48.446203,35.002512', '48.446203,35.002512', 'Дніпро', 'Дніпро', '067 111 11 11', '');

-- --------------------------------------------------------

--
-- Table structure for table `spr_uslug`
--

CREATE TABLE IF NOT EXISTS `spr_uslug` (
  `id` int(11) NOT NULL AUTO_INCREMENT,
  `usluga` varchar(255) DEFAULT NULL,
  `kod` varchar(2) NOT NULL,
  `exec_person` varchar(20) NOT NULL COMMENT 'Исполнительное лицо',
  `exec_person_pp` varchar(22) NOT NULL COMMENT 'Исполнительное лицо родит. падеж',
  `exec_post` varchar(40) NOT NULL COMMENT 'Должность испол.лица',
  `exec_post_pp` varchar(42) NOT NULL COMMENT 'Должность испол.лица в родит. падеже',
  `exec_office` varchar(10) NOT NULL COMMENT 'Исполнительная служба',
  PRIMARY KEY (`id`)
) ENGINE=InnoDB  DEFAULT CHARSET=utf8 AUTO_INCREMENT=14 ;

--
-- Dumping data for table `spr_uslug`
--

INSERT INTO `spr_uslug` (`id`, `usluga`, `kod`, `exec_person`, `exec_person_pp`, `exec_post`, `exec_post_pp`, `exec_office`) VALUES
(1, 'Оформлення дозволу на виконання робіт в охоронній зоні електричних мереж', '01', 'Іващук Ф.С.', 'Іващука Ф.С.', 'директор технічний', 'директора технічного', 'РЕМ'),
(2, 'Підключення та/або відключення електроустановок', '02', 'Колосов А.В.', 'Колосова А.В.', 'директор комерційний', 'директора комерційного', 'РЕМ'),
(3, 'Позачергова технічна перевірка правильності роботи засобів обліку', '03', 'Колосов А.В.', 'Колосова А.В.', 'директор комерційний', 'директора комерційного', 'СЗ'),
(4, 'Видача технічних умов', '04', 'Іващук Ф.С.', 'Іващука Ф.С.', 'директор технічний', 'директора технічного', 'РЕМ'),
(5, 'Погодження проектної документації', '05', 'Іващук Ф.С.', 'Іващука Ф.С.', 'директор технічний', 'директора технічного', 'РЕМ'),
(7, 'Визов інспектора', '07', 'Колосов А.В.', 'Колосова А.В.', 'директор комерційний', 'директора комерційного', 'РЕМ'),
(8, 'Роботи по заміні (встановленню) приладів обліку. ', '08', 'Колосов А.В.', 'Колосова А.В.', 'директор комерційний', 'директора комерційного', 'СЗ'),
(9, 'Послуги електротехнічної лабораторії (електротехнічні випробування та вимірювання)', '09', 'Іващук Ф.С.', 'Іващука Ф.С.', 'директор технічний', 'директора технічного', 'СД'),
(10, 'Послуги з технічного обслуговування об''єктів', '10', 'Іващук Ф.С.', 'Іващука Ф.С.', 'директор технічний', 'директора технічного', 'РЕМ'),
(11, 'Нагляд за роботами в охоронної зони електромереж', '11', 'Іващук Ф.С.', 'Іващука Ф.С.', 'директор технічний', 'директора технічного', 'РЕМ'),
(12, 'Транспортні послуги', '12', 'Корса М.В.', 'Корси М.В.', 'генеральний директор', 'генерального директора', 'РЕМ'),
(13, 'Ремонт електрообладнання', '13', 'Колосов А.В.', 'Колосова А.В.', 'директор комерційний', 'директора комерційного', 'РЕМ');

-- --------------------------------------------------------

--
-- Table structure for table `status_sch`
--

CREATE TABLE IF NOT EXISTS `status_sch` (
  `id` int(11) NOT NULL AUTO_INCREMENT,
  `nazv` varchar(20) NOT NULL,
  PRIMARY KEY (`id`)
) ENGINE=InnoDB  DEFAULT CHARSET=utf8 AUTO_INCREMENT=9 ;

--
-- Dumping data for table `status_sch`
--

INSERT INTO `status_sch` (`id`, `nazv`) VALUES
(-1, 'Нова перерахована'),
(1, 'Нова'),
(2, 'Узгоджена'),
(3, 'Оплачена'),
(5, 'В роботі'),
(7, 'Виконана'),
(8, 'Відмова');

-- --------------------------------------------------------

--
-- Table structure for table `transport`
--

CREATE TABLE IF NOT EXISTS `transport` (
  `id` int(10) NOT NULL AUTO_INCREMENT,
  `transport` varchar(255) DEFAULT NULL,
  `nomer` varchar(15) DEFAULT NULL,
  `locale` varchar(50) DEFAULT NULL,
  `prostoy` decimal(7,2) DEFAULT NULL,
  `proezd` decimal(7,2) DEFAULT NULL,
  `rabota` decimal(7,2) DEFAULT NULL,
  PRIMARY KEY (`id`)
) ENGINE=InnoDB  DEFAULT CHARSET=utf8 AUTO_INCREMENT=111 ;

--
-- Dumping data for table `transport`
--

INSERT INTO `transport` (`id`, `transport`, `nomer`, `locale`, `prostoy`, `proezd`, `rabota`) VALUES
(1, 'AUDI A6 2,4 (160083)', 'АЕ 83-44АТ', '4', 84.38, 206.85, NULL),
(2, 'Daewoo Lanos', 'АЕ 93-74СК', '4', 82.50, 178.73, NULL),
(3, 'Daewoo Lanos', 'АЕ 93-75СК', '5', 82.64, 159.55, NULL),
(4, 'ВАЗ 21043', 'АЕ 07-42ВА', '3', 83.12, 160.03, NULL),
(5, 'ВАЗ 21043', 'АЕ 07-43ВА', '4', 79.90, 165.36, NULL),
(6, 'ВАЗ 21043', 'АЕ 07-45ВА', '8', 81.35, 158.26, NULL),
(7, 'ВАЗ 21043', 'АЕ 07-46ВА', '4', 80.34, 165.80, NULL),
(8, 'ВАЗ 21043', 'АЕ 96-34ВТ', '4', 81.27, 158.18, NULL),
(9, 'ВАЗ 21043', 'АЕ 96-38ВТ', '2', 80.72, 157.63, NULL),
(10, 'ВАЗ 21043', 'АЕ 96-39ВТ', '5', 80.94, 157.85, NULL),
(11, 'ВАЗ 21093', '444-03АЕ', '4', 81.02, 149.38, NULL),
(12, 'ВАЗ 21093', '864-37АВ', '11', 81.19, 149.55, NULL),
(13, 'ВАЗ 21093', '891-36АВ', '4', 81.41, 149.77, NULL),
(14, 'ВАЗ 21093', 'АЕ 13-49АЕ', '6', 81.57, 141.39, NULL),
(15, 'ВАЗ 21093', '055-04АЕ', '4', 80.85, 149.21, NULL),
(16, 'ВАЗ 21093 ', '484-68АЕ', '5', 90.16, 149.98, NULL),
(17, 'ВАЗ 21140', 'АЕ 30-78АМ', '4', 81.14, 149.50, NULL),
(18, 'ГАЗ 2410', 'АЕ 28-95АЕ', '4', 82.14, 210.32, NULL),
(19, 'ГАЗ 2705', '891-37АВ', '1', 95.71, 258.07, NULL),
(20, 'ГАЗ 2705 лаборатория', '166-12АЕ', '4', 89.64, 269.10, NULL),
(21, 'ГАЗ 2705 лаборатория ', 'АЕ 59-97АО', '4', 96.37, 250.19, NULL),
(22, 'ГАЗ 2705-АС-6-242', 'АЕ 06-89АМ', '5', 82.55, 236.37, NULL),
(23, 'ГАЗ 2705-АС-6-242 ', 'АЕ 30-66АМ', '4', 83.29, 262.75, NULL),
(24, 'ГАЗ 2705-АС-6-242', 'АЕ 31-66АМ', '2', 82.88, 236.70, NULL),
(25, 'ГАЗ 3110', '342-68 АЕ', '4', 80.07, 216.80, NULL),
(26, 'ГАЗ 31105', 'АЕ 09-88ВА', '1', 79.68, 190.77, NULL),
(27, 'ГАЗ 31105-101', 'АЕ 80-55АI', '4', 82.49, 213.71, NULL),
(28, 'ГАЗ 32213-224 микроавтобус', 'АЕ 04-66АМ', '4', 83.80, 263.26, NULL),
(29, 'ГАЗ 322132-418 ЭТЛ', 'АЕ 61-93АР', '5', 95.47, 223.65, NULL),
(30, 'ГАЗ 32213-418 ЭТЛ ', 'АЕ 23-03ВМ', '4', 85.74, 239.56, NULL),
(31, 'ГАЗ 33021-212', 'АЕ 28-21АЕ', '7', 80.47, 234.29, NULL),
(32, 'ГАЗ 33023', 'АЕ 96-35ВТ', '6', 81.52, 209.70, NULL),
(33, 'ГАЗ 33023', 'АЕ 96-36ВТ', '4', 82.44, 236.26, NULL),
(34, 'ГАЗ 33023-212', 'АЕ 07-48ВА', '8', 83.74, 237.56, NULL),
(35, 'ГАЗ 33023-212', 'АЕ 40-54ВА', '4', 82.89, 262.35, NULL),
(36, 'ГАЗ 33023-212', 'АЕ 40-55ВА', '3', 80.31, 234.13, NULL),
(37, 'ГАЗ 33023-414', 'АЕ 70-38СI', '4', 82.91, 236.73, NULL),
(38, 'ГАЗ 33023-414', 'АЕ 70-39СІ', '5', 95.64, 223.82, NULL),
(39, 'ГАЗ 330232-206', 'АЕ 13-01НА', '4', 96.98, 225.16, NULL),
(40, 'ГАЗ 33023', 'АЕ 93-31ЕТ', '4', 97.60, 225.78, NULL),
(41, 'ГАЗ 3307 автогідропідіймач АП-17', 'АЕ 36-34ВВ', '6', 92.56, 374.56, 229.29),
(42, 'ГАЗ 3307 автогідропідіймач АП-17', 'АЕ 36-35ВВ', '5', 95.02, 377.02, 231.75),
(43, 'ГАЗ 3307 борт', '438-02АА', '7', 79.02, 292.66, NULL),
(44, 'ГАЗ 3309 автогідропідіймач АП-18', 'АЕ 78-56СН', '8', 100.29, 250.86, 187.29),
(45, 'ГАЗ 3309 автогідропідіймач АП-18', 'АЕ 78-57СН', '3', 93.38, 243.95, 180.38),
(46, 'ГАЗ 3309 автогідропідіймач АП-18', 'АЕ 93-22ЕТ', '4', 138.18, 311.34, 225.18),
(47, 'ГАЗ 3309 ', 'АЕ 57-94АМ', '4', 82.38, 255.54, NULL),
(48, 'ГАЗ 3309 ', 'АЕ 64-78ВТ', '4', 82.09, 255.25, NULL),
(49, 'ГАЗ 5201 фургон', '484-78АА', '4', 79.03, 318.30, NULL),
(50, 'ГАЗ 53 грузовая бортовая', 'АЕ 73-20АЕ', '5', 79.04, 301.22, NULL),
(51, 'ГАЗ 5312 автогідропідіймач АП-17А', 'АЕ 78-08АК', '1', 92.01, 374.01, 190.76),
(52, 'ГАЗ 5312 АГП-12', 'АЕ 62-87АI', '1', 89.95, 354.86, 156.42),
(53, 'ГАЗ 66 ЭТЛ', 'АЕ 73-22АЕ', '6', 79.28, 361.28, NULL),
(54, 'ГАЗ 6611 МРСБ', 'АЕ 26-47АВ', '8', 79.05, 352.51, 155.01),
(55, 'ГАЗ 6611 специальный (будка)', '005-56АВ', '4', 79.07, 386.71, 174.02),
(56, 'ГАЗ 6611 фургон ЭТЛ', '484-77АА', '4', 79.05, 403.78, NULL),
(57, 'ГАЗ САЗ-3507', 'АЕ 26-51АВ', '6', 79.53, 361.53, NULL),
(58, 'ЗАЗ Lanos', 'АЕ 42-79ЕО', '4', 91.34, 187.57, NULL),
(59, 'ЗАЗ TF 69 YO', 'АЕ 42-73ЕХ', '4', 93.20, 189.43, NULL),
(60, 'ЗАЗ TF 69 YO', 'АЕ 42-75ЕХ', '7', 93.47, 178.93, NULL),
(61, 'ЗИЛ 130 автогідропідіймач АГП-22', '438-01АА', '4', 91.86, 502.04, 247.58),
(62, 'ЗИЛ 130 МШТС-4М (вишка)', 'АЕ 73-19АЕ', '4', 90.13, 449.04, 166.09),
(63, 'ЗИЛ 130 МШТС-3С', 'АЕ 73-21АЕ', '5', 90.20, 449.11, 166.16),
(64, 'М-21412', '114-16АЕ', '8', 79.32, 164.78, NULL),
(65, 'М-412Д', 'АЕ 26-53АВ', '7', 79.02, 164.48, NULL),
(66, 'МАЗ 533702 автокран КС-45729', 'АЕ 04-17АХ', '4', 114.47, 408.08, 214.85),
(67, 'МАЗ 543205 сидельний тягач с полуприцепом (МАЗ-938662-015 АЕ53-98ХТ)', 'АЕ 10-64ВН', '4', 85.23, 363.78, NULL),
(68, 'МАЗ 555102-223 самосвал', 'АЕ 06-25СК', '4', 84.35, 332.79, NULL),
(69, 'МАЗ СМК-101 автокран', 'АЕ 73-18АЕ', '5', 103.48, 366.98, 178.77),
(70, 'САЗ 3507 ТВГ-15 спец. автовишка', '453-49АА', '8', 89.97, 346.34, 183.02),
(71, 'Трактор МТЗ-80 БМ-205', 'т 059-63АЕ', '5', 90.67, 237.89, 237.89),
(72, 'Трактор Т 150К БКУ', 'т 059-59АЕ', '4', 95.25, 346.20, 346.20),
(73, 'Трактор Т 150К БКУ', 'т 019-35 АЕ', '8', 90.12, 341.07, 341.07),
(74, 'Трактор Т-40АМ ', 'т 059-62 АЕ', '5', 90.79, 172.77, 172.77),
(75, 'Трактор ЭО-2621 ЮМЗ-6АКЛ ', 'т 059-65 АЕ', '7', 92.75, 201.50, 201.50),
(76, 'Трактор ЮМЗ-6АКЛ ', 'т 059-60 АЕ', '4', 90.26, 173.91, 173.91),
(77, 'Трактор ЮМЗ-6АКЛ ', 'т 019-34АЕ', '8', 89.99, 198.74, 198.74),
(78, 'Трактор ЮМЗ-6КЛ ЭО 2621', 'т 019-39АЕ', '2', 93.05, 201.80, 201.80),
(79, 'Трактор ЮМЗ-6КМ', 'т 059-61 АЕ', '2', 90.47, 174.12, 174.12),
(80, 'Трактор ЮМЗ-6 ЭО 2621', 'т 059-57 АЕ', '4', 92.64, 201.39, 201.39),
(81, 'УАЗ 2206', '041-34АЕ', '6', 81.42, 235.24, NULL),
(82, 'УАЗ 3303 МВА специальный ', 'АЕ 26-52АВ', '4', 79.07, 241.43, NULL),
(83, 'УАЗ 3303-01 ', 'АЕ 26-54АВ', '8', 79.03, 241.39, NULL),
(84, 'УАЗ 3909 "Фермер"', 'АЕ 24-86ВА', '1', 80.76, 251.67, NULL),
(85, 'Шкода-Oktavia', 'АЕ 30-02ВС', '4', 83.59, 197.31, NULL),
(86, 'Шкода-Oktavia', 'АЕ 89-09ВО', '4', 86.62, 182.85, NULL),
(87, 'Екскаватор "Борекс" ', 'т 059-66 АЕ', '6', 94.77, 270.44, 270.44),
(88, 'Екскаватор "Борекс-2101" ', 'т 019-41 АЕ', '4', 95.50, 271.17, 271.17),
(89, 'Екскаватор ЭО-2102', 'т 019-40 АЕ', '5', 95.26, 270.93, 270.93),
(90, 'Екскаватор "Борекс-2101" ', 'т 019-42 АЕ', '4', 94.32, 269.99, 269.99),
(91, 'ГАЗ 2705 ВП6', 'АЕ 30-74НЕ', '4', 97.41, 225.59, NULL),
(92, 'ГАЗ 3309 автогідропідіймач АП-18', 'АЕ 30-68НЕ', '7', 137.51, 288.08, 224.51),
(93, 'ЗАЗ TF 69 YO', 'АЕ 73-16НІ', '8', 93.94, 179.40, NULL),
(94, 'Шкода-Oktavia', 'АЕ 55-97НС', '4', 101.78, 206.76, NULL),
(95, 'ГАЗ 3309 автогідропідіймач АП-18', 'АЕ 53-80НМ', '2', 141.00, 291.57, 228.00),
(96, 'ЗАЗ TF 69 YO', 'АЕ 52-47НЕ', '4', 89.62, 185.85, NULL),
(97, 'ГАЗ-27057 ВП 6', 'АЕ 37-28НМ', '4', 98.23, 260.59, NULL),
(98, 'ЗАЗ TF 69 YO', 'АЕ 99-60ЕО', '4', 116.80, 210.80, NULL),
(99, 'ЗАЗ TF 69 YO', 'АЕ 53-39ЕМ', '6', 117.06, 211.06, NULL),
(100, 'ЗАЗ TF 69 YO', 'АЕ 03-45НВ', '4', 116.41, 210.41, NULL),
(101, 'Шкода Super B', 'АЕ 68-73ІА', '4', 97.35, 228.57, NULL),
(102, 'ЗАЗ LANOS', 'АЕ 34-96CР', '4', 103.48, 180.39, NULL),
(103, 'Mistsubishi', 'АЕ 66-23НТ', '4', 96.20, 236.17, NULL),
(104, 'ЗАЗ LANOS', 'АЕ 02-44ІА', '8', 102.06, 170.42, NULL),
(105, 'Mistsubishi L 200', 'АЕ 20-44ІА', '4', 168.88, 259.22, NULL),
(109, 'аоаоае', '547457', NULL, 2.00, 99999.99, NULL),
(110, 'пеуук', '4325', '1', 1.00, 435.00, NULL);

-- --------------------------------------------------------

--
-- Table structure for table `transport_old`
--

CREATE TABLE IF NOT EXISTS `transport_old` (
  `id` int(10) NOT NULL DEFAULT '0',
  `transport` varchar(255) DEFAULT NULL,
  `nomer` varchar(15) DEFAULT NULL,
  `locale` varchar(50) DEFAULT NULL,
  `prostoy` decimal(7,2) DEFAULT NULL,
  `proezd` decimal(7,2) DEFAULT NULL,
  `rabota` decimal(7,2) DEFAULT NULL
) ENGINE=InnoDB DEFAULT CHARSET=utf8;

--
-- Dumping data for table `transport_old`
--

INSERT INTO `transport_old` (`id`, `transport`, `nomer`, `locale`, `prostoy`, `proezd`, `rabota`) VALUES
(1, 'AUDI A6 2,4 (160083)', 'АЕ 83-44АТ', '4', 84.38, 206.85, NULL),
(2, 'Daewoo Lanos', 'АЕ 93-74СК', '4', 82.50, 178.73, NULL),
(3, 'Daewoo Lanos', 'АЕ 93-75СК', '5', 82.64, 159.55, NULL),
(4, 'ВАЗ 21043', 'АЕ 07-42ВА', '3', 83.12, 160.03, NULL),
(5, 'ВАЗ 21043', 'АЕ 07-43ВА', '9', 79.90, 165.36, NULL),
(6, 'ВАЗ 21043', 'АЕ 07-45ВА', '8', 81.35, 158.26, NULL),
(7, 'ВАЗ 21043', 'АЕ 07-46ВА', '9', 80.34, 165.80, NULL),
(8, 'ВАЗ 21043', 'АЕ 96-34ВТ', '4', 81.27, 158.18, NULL),
(9, 'ВАЗ 21043', 'АЕ 96-38ВТ', '2', 80.72, 157.63, NULL),
(10, 'ВАЗ 21043', 'АЕ 96-39ВТ', '5', 80.94, 157.85, NULL),
(11, 'ВАЗ 21093', '444-03АЕ', '4', 81.02, 149.38, NULL),
(12, 'ВАЗ 21093', '864-37АВ', '11', 81.19, 149.55, NULL),
(13, 'ВАЗ 21093', '891-36АВ', '9', 81.41, 149.77, NULL),
(14, 'ВАЗ 21093', 'АЕ 13-49АЕ', '6', 81.57, 141.39, NULL),
(15, 'ВАЗ 21093', '055-04АЕ', '9', 80.85, 149.21, NULL),
(16, 'ВАЗ 21093 ', '484-68АЕ', '5', 90.16, 149.98, NULL),
(17, 'ВАЗ 21140', 'АЕ 30-78АМ', '9', 81.14, 149.50, NULL),
(18, 'ГАЗ 2410', 'АЕ 28-95АЕ', '4', 82.14, 210.32, NULL),
(19, 'ГАЗ 2705', '891-37АВ', '1', 95.71, 258.07, NULL),
(20, 'ГАЗ 2705 лаборатория', '166-12АЕ', '9', 89.64, 269.10, NULL),
(21, 'ГАЗ 2705 лаборатория ', 'АЕ 59-97АО', '9', 96.37, 250.19, NULL),
(22, 'ГАЗ 2705-АС-6-242', 'АЕ 06-89АМ', '5', 82.55, 236.37, NULL),
(23, 'ГАЗ 2705-АС-6-242 ', 'АЕ 30-66АМ', '9', 83.29, 262.75, NULL),
(24, 'ГАЗ 2705-АС-6-242', 'АЕ 31-66АМ', '2', 82.88, 236.70, NULL),
(25, 'ГАЗ 3110', '342-68 АЕ', '4', 80.07, 216.80, NULL),
(26, 'ГАЗ 31105', 'АЕ 09-88ВА', '1', 79.68, 190.77, NULL),
(27, 'ГАЗ 31105-101', 'АЕ 80-55АI', '9', 82.49, 213.71, NULL),
(28, 'ГАЗ 32213-224 микроавтобус', 'АЕ 04-66АМ', '9', 83.80, 263.26, NULL),
(29, 'ГАЗ 322132-418 ЭТЛ', 'АЕ 61-93АР', '5', 95.47, 223.65, NULL),
(30, 'ГАЗ 32213-418 ЭТЛ ', 'АЕ 23-03ВМ', '9', 85.74, 239.56, NULL),
(31, 'ГАЗ 33021-212', 'АЕ 28-21АЕ', '7', 80.47, 234.29, NULL),
(32, 'ГАЗ 33023', 'АЕ 96-35ВТ', '6', 81.52, 209.70, NULL),
(33, 'ГАЗ 33023', 'АЕ 96-36ВТ', '9', 82.44, 236.26, NULL),
(34, 'ГАЗ 33023-212', 'АЕ 07-48ВА', '8', 83.74, 237.56, NULL),
(35, 'ГАЗ 33023-212', 'АЕ 40-54ВА', '4', 82.89, 262.35, NULL),
(36, 'ГАЗ 33023-212', 'АЕ 40-55ВА', '3', 80.31, 234.13, NULL),
(37, 'ГАЗ 33023-414', 'АЕ 70-38СI', '4', 82.91, 236.73, NULL),
(38, 'ГАЗ 33023-414', 'АЕ 70-39СІ', '5', 95.64, 223.82, NULL),
(39, 'ГАЗ 330232-206', 'АЕ 13-01НА', '9', 96.98, 225.16, NULL),
(40, 'ГАЗ 33023', 'АЕ 93-31ЕТ', '9', 97.60, 225.78, NULL),
(41, 'ГАЗ 3307 автогідропідіймач АП-17', 'АЕ 36-34ВВ', '6', 92.56, 374.56, 229.29),
(42, 'ГАЗ 3307 автогідропідіймач АП-17', 'АЕ 36-35ВВ', '5', 95.02, 377.02, 231.75),
(43, 'ГАЗ 3307 борт', '438-02АА', '7', 79.02, 292.66, NULL),
(44, 'ГАЗ 3309 автогідропідіймач АП-18', 'АЕ 78-56СН', '8', 100.29, 250.86, 187.29),
(45, 'ГАЗ 3309 автогідропідіймач АП-18', 'АЕ 78-57СН', '3', 93.38, 243.95, 180.38),
(46, 'ГАЗ 3309 автогідропідіймач АП-18', 'АЕ 93-22ЕТ', '4', 138.18, 311.34, 225.18),
(47, 'ГАЗ 3309 ', 'АЕ 57-94АМ', '4', 82.38, 255.54, NULL),
(48, 'ГАЗ 3309 ', 'АЕ 64-78ВТ', '4', 82.09, 255.25, NULL),
(49, 'ГАЗ 5201 фургон', '484-78АА', '4', 79.03, 318.30, NULL),
(50, 'ГАЗ 53 грузовая бортовая', 'АЕ 73-20АЕ', '5', 79.04, 301.22, NULL),
(51, 'ГАЗ 5312 автогідропідіймач АП-17А', 'АЕ 78-08АК', '1', 92.01, 374.01, 190.76),
(52, 'ГАЗ 5312 АГП-12', 'АЕ 62-87АI', '1', 89.95, 354.86, 156.42),
(53, 'ГАЗ 66 ЭТЛ', 'АЕ 73-22АЕ', '6', 79.28, 361.28, NULL),
(54, 'ГАЗ 6611 МРСБ', 'АЕ 26-47АВ', '8', 79.05, 352.51, 155.01),
(55, 'ГАЗ 6611 специальный (будка)', '005-56АВ', '4', 79.07, 386.71, 174.02),
(56, 'ГАЗ 6611 фургон ЭТЛ', '484-77АА', '4', 79.05, 403.78, NULL),
(57, 'ГАЗ САЗ-3507', 'АЕ 26-51АВ', '6', 79.53, 361.53, NULL),
(58, 'ЗАЗ Lanos', 'АЕ 42-79ЕО', '9', 91.34, 187.57, NULL),
(59, 'ЗАЗ TF 69 YO', 'АЕ 42-73ЕХ', '9', 93.20, 189.43, NULL),
(60, 'ЗАЗ TF 69 YO', 'АЕ 42-75ЕХ', '7', 93.47, 178.93, NULL),
(61, 'ЗИЛ 130 автогідропідіймач АГП-22', '438-01АА', '4', 91.86, 502.04, 247.58),
(62, 'ЗИЛ 130 МШТС-4М (вишка)', 'АЕ 73-19АЕ', '4', 90.13, 449.04, 166.09),
(63, 'ЗИЛ 130 МШТС-3С', 'АЕ 73-21АЕ', '5', 90.20, 449.11, 166.16),
(64, 'М-21412', '114-16АЕ', '8', 79.32, 164.78, NULL),
(65, 'М-412Д', 'АЕ 26-53АВ', '7', 79.02, 164.48, NULL),
(66, 'МАЗ 533702 автокран КС-45729', 'АЕ 04-17АХ', '4', 114.47, 408.08, 214.85),
(67, 'МАЗ 543205 сидельний тягач с полуприцепом (МАЗ-938662-015 АЕ53-98ХТ)', 'АЕ 10-64ВН', '4', 85.23, 363.78, NULL),
(68, 'МАЗ 555102-223 самосвал', 'АЕ 06-25СК', '4', 84.35, 332.79, NULL),
(69, 'МАЗ СМК-101 автокран', 'АЕ 73-18АЕ', '5', 103.48, 366.98, 178.77),
(70, 'САЗ 3507 ТВГ-15 спец. автовишка', '453-49АА', '8', 89.97, 346.34, 183.02),
(71, 'Трактор МТЗ-80 БМ-205', 'т 059-63АЕ', '5', 90.67, 237.89, 237.89),
(72, 'Трактор Т 150К БКУ', 'т 059-59АЕ', '4', 95.25, 346.20, 346.20),
(73, 'Трактор Т 150К БКУ', 'т 019-35 АЕ', '8', 90.12, 341.07, 341.07),
(74, 'Трактор Т-40АМ ', 'т 059-62 АЕ', '5', 90.79, 172.77, 172.77),
(75, 'Трактор ЭО-2621 ЮМЗ-6АКЛ ', 'т 059-65 АЕ', '7', 92.75, 201.50, 201.50),
(76, 'Трактор ЮМЗ-6АКЛ ', 'т 059-60 АЕ', '4', 90.26, 173.91, 173.91),
(77, 'Трактор ЮМЗ-6АКЛ ', 'т 019-34АЕ', '8', 89.99, 198.74, 198.74),
(78, 'Трактор ЮМЗ-6КЛ ЭО 2621', 'т 019-39АЕ', '2', 93.05, 201.80, 201.80),
(79, 'Трактор ЮМЗ-6КМ', 'т 059-61 АЕ', '2', 90.47, 174.12, 174.12),
(80, 'Трактор ЮМЗ-6 ЭО 2621', 'т 059-57 АЕ', '4', 92.64, 201.39, 201.39),
(81, 'УАЗ 2206', '041-34АЕ', '6', 81.42, 235.24, NULL),
(82, 'УАЗ 3303 МВА специальный ', 'АЕ 26-52АВ', '4', 79.07, 241.43, NULL),
(83, 'УАЗ 3303-01 ', 'АЕ 26-54АВ', '8', 79.03, 241.39, NULL),
(84, 'УАЗ 3909 "Фермер"', 'АЕ 24-86ВА', '1', 80.76, 251.67, NULL),
(85, 'Шкода-Oktavia', 'АЕ 30-02ВС', '9', 83.59, 197.31, NULL),
(86, 'Шкода-Oktavia', 'АЕ 89-09ВО', '9', 86.62, 182.85, NULL),
(87, 'Екскаватор "Борекс" ', 'т 059-66 АЕ', '6', 94.77, 270.44, 270.44),
(88, 'Екскаватор "Борекс-2101" ', 'т 019-41 АЕ', '4', 95.50, 271.17, 271.17),
(89, 'Екскаватор ЭО-2102', 'т 019-40 АЕ', '5', 95.26, 270.93, 270.93),
(90, 'Екскаватор "Борекс-2101" ', 'т 019-42 АЕ', '4', 94.32, 269.99, 269.99),
(91, 'ГАЗ 2705 ВП6', 'АЕ 30-74НЕ', '4', 97.41, 225.59, NULL),
(92, 'ГАЗ 3309 автогідропідіймач АП-18', 'АЕ 30-68НЕ', '7', 137.51, 288.08, 224.51),
(93, 'ЗАЗ TF 69 YO', 'АЕ 73-16НІ', '8', 93.94, 179.40, NULL),
(94, 'Шкода-Oktavia', 'АЕ 55-97НС', '9', 101.78, 206.76, NULL),
(95, 'ГАЗ 3309 автогідропідіймач АП-18', 'АЕ 53-80НМ', '2', 141.00, 291.57, 228.00),
(96, 'ЗАЗ TF 69 YO', 'АЕ 52-47НЕ', '4', 89.62, 185.85, NULL),
(97, 'ГАЗ-27057 ВП 6', 'АЕ 37-28НМ', '4', 98.23, 260.59, NULL),
(98, 'ЗАЗ TF 69 YO', 'АЕ 99-60ЕО', '9', 116.80, 210.80, NULL),
(99, 'ЗАЗ TF 69 YO', 'АЕ 53-39ЕМ', '6', 117.06, 211.06, NULL),
(100, 'ЗАЗ TF 69 YO', 'АЕ 03-45НВ', '9', 116.41, 210.41, NULL),
(101, 'Шкода Super B', 'АЕ 68-73ІА', '9', 97.35, 228.57, NULL),
(102, 'ЗАЗ LANOS', 'АЕ 34-96CР', '9', 103.48, 180.39, NULL),
(103, 'Mistsubishi', 'АЕ 66-23НТ', '9', 96.20, 236.17, NULL),
(104, 'ЗАЗ LANOS', 'АЕ 02-44ІА', '8', 102.06, 170.42, NULL),
(105, 'Mistsubishi L 200', 'АЕ 20-44ІА', '9', 168.88, 259.22, NULL),
(109, 'аоаоае', '547457', NULL, 2.00, 99999.99, NULL),
(110, 'пеуук', '4325', '1', 1.00, 435.00, NULL);

-- --------------------------------------------------------

--
-- Table structure for table `user`
--

CREATE TABLE IF NOT EXISTS `user` (
  `id` int(11) NOT NULL AUTO_INCREMENT,
  `username` varchar(255) COLLATE utf8_unicode_ci NOT NULL,
  `auth_key` varchar(32) COLLATE utf8_unicode_ci NOT NULL,
  `password_hash` varchar(255) COLLATE utf8_unicode_ci NOT NULL,
  `password_reset_token` varchar(255) COLLATE utf8_unicode_ci DEFAULT NULL,
  `email` varchar(255) COLLATE utf8_unicode_ci NOT NULL,
  `status` smallint(6) NOT NULL DEFAULT '10',
  `role` int(11) NOT NULL,
  `department` varchar(30) COLLATE utf8_unicode_ci NOT NULL COMMENT 'отдел',
  `created_at` int(11) NOT NULL,
  `updated_at` int(11) NOT NULL,
  PRIMARY KEY (`id`),
  UNIQUE KEY `username` (`username`),
  UNIQUE KEY `email` (`email`),
  UNIQUE KEY `password_reset_token` (`password_reset_token`)
) ENGINE=InnoDB  DEFAULT CHARSET=utf8 COLLATE=utf8_unicode_ci AUTO_INCREMENT=6 ;

--
-- Dumping data for table `user`
--

INSERT INTO `user` (`id`, `username`, `auth_key`, `password_hash`, `password_reset_token`, `email`, `status`, `role`, `department`, `created_at`, `updated_at`) VALUES
(1, 'fin1', 'fKsuYAEbMBXyHCAWOholofRVfLw9zJyD', '$2y$13$/r.3VVLoE3nsEOiGDfZps.h8TgwDvlz5H88Ef7WN8fni0EwYN6tCW', NULL, '1', 10, 2, 'Фінансовий відділ', 1502347178, 1502347178),
(3, 'main', '0QgGV-Nx9KN4iV6lUl7ZchApqq9rS0yo', '$2y$13$7pFZQ8S/A3S7uLAohn5GfOgskK92rJ/PCnuiIUp9g3GTSeAndhe1u', NULL, 'globalserg@ukr.net', 10, 3, 'Адміністратор', 1502347520, 1502347520),
(5, 'buh1', '3q_y0XOQyFk97GLjVs18ka4b8vGSAY68', '$2y$13$Zek65TzLeptazrJAjc59Xu9WgZHnXRW.AFqHMBIMS/eXY0ETtsQXK', NULL, 'buh1@ukr.net', 10, 1, 'Бухгалтерія', 1506928495, 1506928495);

-- --------------------------------------------------------

--
-- Stand-in structure for view `vschet`
--
CREATE TABLE IF NOT EXISTS `vschet` (
`id` int(11)
,`kol` int(11)
,`contract` varchar(14)
,`inn` varchar(10)
,`schet` varchar(8)
,`date` date
,`date_opl` date
,`usluga` varchar(255)
,`summa` decimal(7,2)
,`summa_work` decimal(7,2)
,`summa_transport` decimal(7,2)
,`summa_delivery` decimal(7,2)
,`summa_beznds` decimal(7,2)
,`adres` varchar(220)
,`geo` varchar(50)
,`res` varchar(40)
,`comment` varchar(255)
,`time` varchar(10)
,`surely` int(11)
,`status` int(11)
,`date_z` date
,`date_exec` date
,`act_work` int(11)
,`date_akt` date
,`why_refusal` varchar(200)
,`nazv` varchar(60)
,`addr` varchar(70)
,`priz_nds` int(11)
,`okpo` varchar(12)
,`regsvid` varchar(20)
,`tel` varchar(20)
,`email` varchar(50)
,`fio_dir` varchar(70)
,`status_sch` varchar(20)
);
-- --------------------------------------------------------

--
-- Stand-in structure for view `vspr_res_koord`
--
CREATE TABLE IF NOT EXISTS `vspr_res_koord` (
`id` int(11)
,`id_res` int(11)
,`name_koord` varchar(70)
,`tel_mobile` varchar(20)
,`tel_town` varchar(20)
,`tel` varchar(7)
,`tel_dop` varchar(20)
,`nazv` varchar(60)
);
-- --------------------------------------------------------

--
-- Stand-in structure for view `vtransport`
--
CREATE TABLE IF NOT EXISTS `vtransport` (
`id` int(10)
,`transport` varchar(255)
,`nomer` varchar(15)
,`locale` varchar(50)
,`prostoy` decimal(7,2)
,`proezd` decimal(7,2)
,`rabota` decimal(7,2)
,`nazv` varchar(60)
);
-- --------------------------------------------------------

--
-- Structure for view `vschet`
--
DROP TABLE IF EXISTS `vschet`;

CREATE ALGORITHM=UNDEFINED DEFINER=`root`@`localhost` SQL SECURITY DEFINER VIEW `vschet` AS select `a`.`id` AS `id`,`a`.`kol` AS `kol`,`a`.`contract` AS `contract`,`a`.`inn` AS `inn`,`a`.`schet` AS `schet`,`a`.`date` AS `date`,`a`.`date_opl` AS `date_opl`,`a`.`usluga` AS `usluga`,`a`.`summa` AS `summa`,`a`.`summa_work` AS `summa_work`,`a`.`summa_transport` AS `summa_transport`,`a`.`summa_delivery` AS `summa_delivery`,`a`.`summa_beznds` AS `summa_beznds`,`a`.`adres` AS `adres`,`a`.`geo` AS `geo`,`a`.`res` AS `res`,`a`.`comment` AS `comment`,`a`.`time` AS `time`,`a`.`surely` AS `surely`,`a`.`status` AS `status`,`a`.`date_z` AS `date_z`,`a`.`date_exec` AS `date_exec`,`a`.`act_work` AS `act_work`,`a`.`date_akt` AS `date_akt`,`a`.`why_refusal` AS `why_refusal`,`b`.`nazv` AS `nazv`,`b`.`addr` AS `addr`,`b`.`priz_nds` AS `priz_nds`,`b`.`okpo` AS `okpo`,`b`.`regsvid` AS `regsvid`,`b`.`tel` AS `tel`,`b`.`email` AS `email`,`b`.`fio_dir` AS `fio_dir`,`c`.`nazv` AS `status_sch` from ((`schet` `a` join `klient` `b` on((`a`.`inn` = `b`.`inn`))) left join `status_sch` `c` on((`a`.`status` = `c`.`id`)));

-- --------------------------------------------------------

--
-- Structure for view `vspr_res_koord`
--
DROP TABLE IF EXISTS `vspr_res_koord`;

CREATE ALGORITHM=UNDEFINED DEFINER=`root`@`localhost` SQL SECURITY DEFINER VIEW `vspr_res_koord` AS select `a`.`id` AS `id`,`a`.`id_res` AS `id_res`,`a`.`name_koord` AS `name_koord`,`a`.`tel_mobile` AS `tel_mobile`,`a`.`tel_town` AS `tel_town`,`a`.`tel` AS `tel`,`a`.`tel_dop` AS `tel_dop`,`b`.`nazv` AS `nazv` from (`spr_res_koord` `a` join `spr_res` `b` on((`a`.`id_res` = `b`.`id`)));

-- --------------------------------------------------------

--
-- Structure for view `vtransport`
--
DROP TABLE IF EXISTS `vtransport`;

CREATE ALGORITHM=UNDEFINED DEFINER=`root`@`localhost` SQL SECURITY DEFINER VIEW `vtransport` AS select `a`.`id` AS `id`,`a`.`transport` AS `transport`,`a`.`nomer` AS `nomer`,`a`.`locale` AS `locale`,`a`.`prostoy` AS `prostoy`,`a`.`proezd` AS `proezd`,`a`.`rabota` AS `rabota`,`b`.`nazv` AS `nazv` from (`transport` `a` left join `spr_res` `b` on((`a`.`locale` = `b`.`id`)));

/*!40101 SET CHARACTER_SET_CLIENT=@OLD_CHARACTER_SET_CLIENT */;
/*!40101 SET CHARACTER_SET_RESULTS=@OLD_CHARACTER_SET_RESULTS */;
/*!40101 SET COLLATION_CONNECTION=@OLD_COLLATION_CONNECTION */;
